a,b,metric,difference,p,environments,p_holm,ci_low,ci_high
gmm,gmr_30mm,success,0.0,1.0,120,1.0,0.0,0.0
gmm,gmr_30mm,par2_s,-0.002306951566715726,0.4001459985400146,120,1.0,-0.007609993638119099,0.0029383672901385455
gmm,hybrid_30mm,success,0.0,1.0,120,1.0,0.0,0.0
gmm,hybrid_30mm,par2_s,-0.0005998074942423664,0.8607513924860751,120,1.0,-0.007062940590093303,0.005934302516337382
gmm,reference_ik,success,0.26666666666666666,9.99990000099999e-06,120,0.00011999880001199988,0.19166666666666668,0.35
gmm,reference_ik,par2_s,-1.5699461854686767,9.99990000099999e-06,120,0.00011999880001199988,-2.052411123804054,-1.1297883671121671
gmr_30mm,hybrid_30mm,success,0.0,1.0,120,1.0,0.0,0.0
gmr_30mm,hybrid_30mm,par2_s,0.0017071440724733577,0.6147238527614723,120,1.0,-0.004749259502748223,0.00816770214066976
gmr_30mm,reference_ik,success,0.26666666666666666,9.99990000099999e-06,120,0.00011999880001199988,0.19166666666666668,0.35
gmr_30mm,reference_ik,par2_s,-1.567639233901961,9.99990000099999e-06,120,0.00011999880001199988,-2.0483440451642623,-1.1275675086607588
hybrid_30mm,reference_ik,success,0.26666666666666666,9.99990000099999e-06,120,0.00011999880001199988,0.19166666666666668,0.35
hybrid_30mm,reference_ik,par2_s,-1.5693463779744343,9.99990000099999e-06,120,0.00011999880001199988,-2.050526774432784,-1.1299494352816157
