a,b,metric,difference,p,environments,matched_repeats,p_holm,ci_low,ci_high
gmm,gmr_30mm,joint_path_length,-0.1277931506024956,0.5418045819541805,113,565,1.0,-0.5367583502235076,0.2768604343652729
gmm,gmr_30mm,ee_path_length_m,0.032758111432419475,0.06739932600673994,113,565,0.6065939340606594,-0.0015830503267191627,0.06753401083920149
gmm,gmr_30mm,min_world_clearance_m,0.0015504949746363314,0.08350916490835092,113,565,0.6680733192668074,-0.00021389999629842945,0.003262354047977162
gmm,gmr_30mm,reference_deviation_mean_m,0.01719975443664651,9.99990000099999e-06,113,565,0.00011999880001199988,0.013440275697622173,0.0210498832811383
gmm,hybrid_30mm,joint_path_length,-0.10326013951150446,0.6587134128658714,113,565,1.0,-0.5619527397926302,0.3537614455901083
gmm,hybrid_30mm,ee_path_length_m,0.021944055505660177,0.2662673373266267,113,565,1.0,-0.015829548367210445,0.05897596969664597
gmm,hybrid_30mm,min_world_clearance_m,0.002204845030957941,0.014819851801481985,113,565,0.14819851801481984,0.0005085323655868785,0.003964291682376744
gmm,hybrid_30mm,reference_deviation_mean_m,0.013411895652618931,9.99990000099999e-06,113,565,0.00011999880001199988,0.009333223619807478,0.017498723029680294
gmr_30mm,hybrid_30mm,joint_path_length,0.024533011090991187,0.9192808071919281,113,565,1.0,-0.4388997695411335,0.4934356426279819
gmr_30mm,hybrid_30mm,ee_path_length_m,-0.010814055926759296,0.5884741152588474,113,565,1.0,-0.049584829805728196,0.02687009178578731
gmr_30mm,hybrid_30mm,min_world_clearance_m,0.0006543500563216092,0.4864751352486475,113,565,1.0,-0.0011009727165911258,0.002532438434563265
gmr_30mm,hybrid_30mm,reference_deviation_mean_m,-0.0037878587840275793,0.08485915140848592,113,565,0.6680733192668074,-0.008040153074255839,0.0004401965056507948
