environment,cohort,layout,endpoint_error,min_clearance_m,p05_clearance_m,median_clearance_m,interior_min_clearance_m,path_length_m,intersecting,endpoint_start_error_m,endpoint_goal_error_m
0,legacy,open,,0.24241887389582814,0.24298656326264892,0.3153262799238711,0.24241887389582814,0.666217068207729,False,0.03781154877584272,0.10838519854401413
1,legacy,central_obstacle,,0.09965552151951648,0.11641334433271627,0.15044964422415533,0.11636370518556033,0.6600568111185965,False,0.029647413026196744,0.0864748009804899
2,legacy,offset_obstacle,,0.1273375659775578,0.13577614768578108,0.19489739281290797,0.1423566439011442,0.8157053889019598,False,0.04246695401686171,0.05590621564701859
3,randomized,central,,0.08988536413448639,0.1039735737425752,0.14241909233532724,0.12294131470546495,0.5996547939863828,False,0.03223959430027339,0.07430760572728026
4,randomized,central,,0.08341225108266408,0.0845674619203777,0.1344278672485951,0.08341225108266408,0.6100945763874634,False,0.021821396945889873,0.10330273619276224
5,randomized,central,,0.08897049080028817,0.09003974419530564,0.1382944501069117,0.08897049080028817,0.612350666967806,False,0.017514236201483027,0.09123093815848682
6,randomized,central,,0.08506284291568067,0.1023064197690024,0.16244112687441123,0.1355891594609842,0.6450252025651364,False,0.03715957855664605,0.0784172570643047
7,randomized,central,,0.10837681847176514,0.11856256976527985,0.16218188120950253,0.11836268997639694,0.6307594944576603,False,0.026579886090064394,0.0852297018048155
8,randomized,central,,0.10721913988554138,0.10941588093126367,0.15365093529122326,0.11870094270176282,0.5436233507327207,False,0.0302720695949834,0.06824708148331503
9,randomized,central,,0.11082369199286349,0.11435331588814013,0.14432188300634743,0.12732089621173856,0.6317768901212516,False,0.03491146955506593,0.05133046200709019
10,randomized,central,,0.08831761273755342,0.10724264563449762,0.17441357969313673,0.14751358155710165,0.6978817715859834,False,0.03605171762796348,0.10508824513901634
11,randomized,central,,0.11186649475828217,0.13966767693032545,0.1944466682313343,0.17952165633810033,0.7323267547817718,False,0.033906348286433685,0.07634941573709249
12,randomized,central,,0.057535255279884914,0.08063006081672582,0.1384994725226207,0.10782873439358838,0.6019131791281987,False,0.021361651317545114,0.08068394373192611
13,randomized,central,,0.08112558212536915,0.09440738536352848,0.14496097252652781,0.11261494520867738,0.5885339555517363,False,0.03491169384436499,0.05759589507926326
14,randomized,central,,0.13035130046109306,0.13105078897327876,0.1685063269981245,0.13643212744264674,0.6503825134756288,False,0.031642165953479184,0.05395164380586931
15,randomized,central,,0.09811987565710784,0.10795822820940061,0.14543357971833512,0.12002662510410002,0.6151348644982062,False,0.027118854754062522,0.06496205213821811
16,randomized,central,Benchmark endpoint IK failed (-31),0.07041247018236375,0.09101115507827756,0.17393200078978527,0.12380336022717822,0.6701581115462677,False,0.029945624233734546,0.07305990124305002
17,randomized,central,,0.1212390363929497,0.12359947508556614,0.14352598044833373,0.13007169506287766,0.5965378766537317,False,0.023721667727903965,0.04567015995056793
18,randomized,central,,0.12098827620092686,0.12212922187969186,0.15908438947409703,0.12098827620092686,0.6556500054436246,False,0.029523909365318277,0.0614895149065015
19,randomized,central,,0.11620877610423194,0.11874035759995384,0.13593680260150193,0.12644004591791827,0.6157376901783388,False,0.030220048697779653,0.053099809504144356
20,randomized,central,,0.10496497657348125,0.1059328414762071,0.13461058561393643,0.10496497657348125,0.6064299517284439,False,0.03250513415339004,0.057642288787139805
21,randomized,central,,0.15407193348602505,0.1551125658689475,0.1863082518964643,0.16155065263727209,0.6934343905038234,False,0.035034350726119184,0.048901910284603875
22,randomized,central,,0.12109338645626017,0.13929950020699877,0.17676807844008882,0.1392639690944446,0.6493111015261834,False,0.025399398443696545,0.08550390969750882
23,randomized,central,Benchmark endpoint IK failed (-31),0.10695058973777002,0.10788196168020522,0.1383945878584128,0.10695058973777002,0.5947297698191334,False,0.022628128114012762,0.057512328384459833
24,randomized,central,,0.10135190174799184,0.10365044482201127,0.13006454175173748,0.10668759058851048,0.61330937229611,False,0.024764185842158837,0.0477577281938171
25,randomized,central,,0.07379334495944855,0.09391491892820027,0.14906856018627732,0.12058891530152602,0.5833734545348269,False,0.028750141279660264,0.09719463560387642
26,randomized,central,,0.13572553228709272,0.13629299126566738,0.1697528590597111,0.13572553228709272,0.6602861139682541,False,0.020659158457512764,0.10145707066602103
27,randomized,central,,0.08532415512560573,0.09257858963301849,0.13933311476442833,0.11533022648314836,0.6052971379431765,False,0.03038026738504702,0.06947172670094345
28,randomized,central,,0.11307720035655901,0.12081925470521472,0.14684176224250173,0.13424168539024003,0.674319920549093,False,0.04207259138436134,0.0647303616558764
29,randomized,central,,0.15011862750557464,0.16337012639513837,0.19060973617616714,0.17769704084901047,0.6895462223692147,False,0.028664288516257193,0.04744710436107725
30,randomized,central,,0.0865198060501765,0.10014382453354521,0.15847580006887826,0.1176079330214023,0.5991688558135694,False,0.02791880335335684,0.0827041607366166
31,randomized,central,,0.061367672574662795,0.08364600464614441,0.12831681727206257,0.10031777671724089,0.58311782358759,False,0.02055269733504405,0.07102753819104098
32,randomized,central,Benchmark endpoint IK failed (-31),0.09666605747915809,0.10607902751527362,0.12907275548872432,0.10607539992777078,0.6065787179377242,False,0.03293876840187114,0.0527909456573706
33,randomized,central,,0.10510277829221244,0.12811757920219854,0.19721557156939734,0.1486337753323352,0.6644231336986715,False,0.04012287433417451,0.06802527731935827
34,randomized,central,,0.10196880027500717,0.11982242992715224,0.14069854379727284,0.13473470750172017,0.5731354081833646,False,0.028263626302417303,0.065420951973908
35,randomized,central,,0.1272020452464661,0.15542631799277004,0.20375248487182063,0.19155472844237845,0.7284386247641841,False,0.031065444606291962,0.08642325168412056
36,randomized,central,,0.12502587631039958,0.1264294631827929,0.15674240943258105,0.1278861348589081,0.6241282730975144,False,0.02206968195964505,0.06580103269319339
37,randomized,central,,0.17122984368427074,0.18480419422115377,0.21830796221179194,0.19697129110932593,0.7869011671237975,False,0.045803463290114976,0.062385513800366964
38,randomized,central,,0.08946937561705057,0.09059354389528798,0.12003943448134904,0.09040239368223128,0.6206489875496355,False,0.03606053013882078,0.060325303865401594
39,randomized,central,,0.08257858462955071,0.08790377301216516,0.13991655837115077,0.10917539827057587,0.6028415813706643,False,0.03086152145233356,0.05191222190996531
40,randomized,central,,0.09203986145927495,0.09804366210318191,0.15029419087025284,0.11991987355251216,0.5952580229621196,False,0.031636018829478287,0.06381689580778255
41,randomized,central,,0.09995357246353105,0.11825887596291443,0.15403088756820277,0.13803052760021575,0.587979779980802,False,0.029731296760156286,0.07120853778340679
42,randomized,central,,0.1177836429604947,0.11870610503159579,0.15728942582322125,0.1177836429604947,0.6195612028062788,False,0.022709712625096634,0.06482189164273519
43,randomized,offset,,0.14546824617820409,0.14664151804896897,0.16532921214527796,0.14565163470278553,0.5950606067519734,False,0.030970594464870355,0.061018165205680465
44,randomized,offset,,0.09179772882263944,0.09297228606422184,0.1302460747683915,0.09179772882263944,0.6320331087386679,False,0.032729280949010425,0.07313399730788696
45,randomized,offset,,0.10532334888396425,0.11045490026980768,0.16444137651374846,0.13245045827612517,0.5766961480379078,False,0.03224571890570867,0.07891252334807829
46,randomized,offset,,0.08054749718251204,0.1029435858147757,0.1905769162387567,0.13536056904914706,0.6420922584918881,False,0.02509229735391476,0.08348178055030646
47,randomized,offset,,0.12666372937075007,0.14447694680451983,0.2433269585952009,0.17582522649209378,0.626849101886609,False,0.032054354304611336,0.0949172587018612
48,randomized,offset,,0.12419377108034699,0.1298682721120809,0.15955253172586106,0.13268979305784076,0.6437547599147693,False,0.03682163536312924,0.041280113649303264
49,randomized,offset,,0.12746592486910405,0.13972400217117328,0.1753678601977551,0.15225651149607758,0.6104773227016728,False,0.0330299217868248,0.05870902152037998
50,randomized,offset,,0.08640623525015384,0.10941139024315613,0.23478298016231502,0.14190231643043086,0.6537304526680101,False,0.02129968540058522,0.08072664334027793
51,randomized,offset,,0.09256150025656175,0.10039836115686133,0.16213458252927068,0.12484483831538214,0.568206687919164,False,0.024540154877181874,0.08005885494564825
52,randomized,offset,Benchmark endpoint IK failed (-31),0.11548894222043019,0.11813654775915396,0.16207030807273276,0.13134805305032873,0.6191629554991795,False,0.02591310642586854,0.05508729033738296
53,randomized,offset,,0.12335116151912401,0.126070190698218,0.20186357670190316,0.13501352615883297,0.599111040223052,False,0.023374679425985825,0.05965054473911311
54,randomized,offset,,0.1033890643670983,0.10966248588810765,0.1701966903356421,0.126638247363735,0.6609156428754829,False,0.029689340753486275,0.049715669376003704
55,randomized,offset,,0.13586229493432367,0.13996643738148773,0.1879488998957306,0.15369893453427702,0.6525183006739244,False,0.035380063105724835,0.06324728628613424
56,randomized,offset,,0.0757531414159198,0.08839326466805514,0.23801944518499443,0.11794206809327798,0.6559872151359787,False,0.036038371053405654,0.0908514435553975
57,randomized,offset,,0.09509331111449981,0.12118747130423202,0.1895314308492636,0.14747298602970474,0.6242021057808083,False,0.03212924001751844,0.05798286637363488
58,randomized,offset,,0.09747422101800884,0.11284475522040104,0.1449196908210878,0.11279134650242213,0.5815150255571274,False,0.02277871784411326,0.07127161558650717
59,randomized,offset,,0.09691588563114721,0.0982206934358171,0.14078253637957971,0.09691588563114721,0.5809249698133022,False,0.01843424047241767,0.05938703516468695
60,randomized,offset,,0.12553795190947206,0.1284116387460419,0.15747931623575095,0.13996360403392177,0.5830466852492744,False,0.029783217841060774,0.06886525966215015
61,randomized,offset,,0.04341322105846636,0.06645005419438849,0.12823068925622697,0.08857003475092445,0.5879685555005573,False,0.0245958141053367,0.05950821817851582
62,randomized,offset,,0.1213189563133367,0.12314581535428414,0.14665721770099235,0.1280068744593918,0.5955042881361705,False,0.022672046085790293,0.047370318919839186
63,randomized,offset,,0.12677939611631767,0.15504654414706012,0.25380459371602154,0.19382661211133603,0.7080611473253752,False,0.03825464673098479,0.1268268995836645
64,randomized,offset,,0.11864223301823035,0.14134281634319826,0.21379324694155297,0.15979057117906353,0.7217142691724912,False,0.03831149078276884,0.049348602451302445
65,randomized,offset,,0.13981517049379805,0.1606041123980465,0.2132420477132294,0.18019915537717457,0.5767074149802666,False,0.026727437584544936,0.06860838667207718
66,randomized,offset,,0.09694807373063513,0.10942731757094858,0.16216237279052798,0.12569649949936093,0.6022933441609913,False,0.03388347769719744,0.05795362834732614
67,randomized,offset,,0.09608496059509197,0.11855559135306444,0.16641116492759067,0.1333470429549488,0.6822541237908024,False,0.04502550660913013,0.1132413968629395
68,randomized,offset,,0.12707090093223838,0.12817755243097717,0.16263565018300363,0.12707090093223838,0.6893810831379119,False,0.027987438710068105,0.11300810149370684
69,randomized,offset,,0.07467642635538048,0.07603846659860333,0.12686962933466106,0.07467642635538048,0.6360519705550705,False,0.029412554283821772,0.10535644001766163
70,randomized,offset,,0.06250373859712466,0.08389694111460312,0.2301272924876823,0.11664483704570539,0.6539051077411256,False,0.02918938682242791,0.09894583132667875
71,randomized,offset,,0.13178361159595797,0.13308556784422926,0.17335240170613625,0.13178361159595797,0.6956646048689155,False,0.03154208169737401,0.05864503980973458
72,randomized,offset,,0.14753068679772915,0.14926229505071345,0.17571777623807888,0.15747404484410354,0.6723774540786215,False,0.03344470877727389,0.040454312403871935
73,randomized,offset,,0.11135736684117067,0.11335955879404407,0.14949032408274832,0.11752286480020342,0.6026990256195562,False,0.031971353281308235,0.05381665292000276
74,randomized,offset,Benchmark endpoint IK failed (-31),0.12299671432262677,0.13255550985566403,0.20484625129251433,0.1559944868398344,0.6156940572200649,False,0.025553188012602535,0.07802678039189137
75,randomized,offset,,0.10157132620770268,0.10477593119535787,0.17332717188841573,0.11715471191012625,0.5943837780521951,False,0.025037595289586625,0.060538184377345323
76,randomized,offset,,0.1198690876757268,0.1358144444216654,0.18307474809030344,0.15409312746427042,0.5823713066848075,False,0.02213139435330745,0.07174901528879327
77,randomized,offset,,0.12085864580216889,0.13749667777292848,0.17741165702596823,0.1539919048299182,0.6148338745486049,False,0.02744695873752985,0.05413867087368002
78,randomized,offset,,0.12031602502657006,0.12120406673996621,0.16024616101698602,0.12031602502657006,0.6866945650614156,False,0.03587361029695609,0.1398400626914616
79,randomized,offset,,0.09118160005538037,0.110528754516324,0.19733937456124467,0.12990157438911698,0.7081978731146348,False,0.03857625713528921,0.04937952134172678
80,randomized,offset,,0.11518446158003437,0.1349647148223489,0.2053927573260667,0.1518448897319029,0.6582547706439638,False,0.030698358146019223,0.05729015518052873
81,randomized,offset,,0.0669824284963254,0.06881201920942495,0.12439441640784807,0.0669824284963254,0.5982488316154404,False,0.028290625818202474,0.07718531231339808
82,randomized,offset,,0.13859364729607376,0.14220770647100076,0.1843355915476877,0.1543112805907706,0.610711956580505,False,0.026948792298103565,0.06827909446004365
83,randomized,distant,,0.15313526066463895,0.15403248860415902,0.1942264214107559,0.15313526066463895,0.6359613979118329,False,0.03413337425467316,0.0731987183894719
84,randomized,distant,Benchmark endpoint IK failed (-31),0.1402113723285752,0.15834966097694222,0.32090882034050244,0.18808148006038375,0.6650168184783859,False,0.022255821559507453,0.08858465644402316
85,randomized,distant,,0.19164592967337926,0.195679506154884,0.26605873252989426,0.21183227812544328,0.6230277093768588,False,0.027767531279670427,0.06214134926105603
86,randomized,distant,,0.10679104683744278,0.1078200304076847,0.15685394448250278,0.10679104683744278,0.603045516412484,False,0.030288644911559335,0.07631413895044509
87,randomized,distant,,0.13443814192262482,0.1620792724574442,0.24707998067819859,0.18150793013957983,0.8014781822071406,False,0.03241629774750371,0.04729024259491672
88,randomized,distant,,0.0770259222891635,0.07861172675642122,0.1561276316395311,0.0770259222891635,0.6131084732552596,False,0.02662743152491816,0.09836004100926483
89,randomized,distant,,0.0898661420409061,0.10922097470573583,0.197208265024909,0.12830617721292892,0.6533682113102337,False,0.037997830480261195,0.0403059282339314
90,randomized,distant,,0.19133723075498069,0.21185868142351394,0.3146108501263804,0.24386987502415655,0.6922775612160561,False,0.02826509907905965,0.07783734150048133
91,randomized,distant,,0.1883262297840862,0.20407622416990462,0.2446923126771393,0.21834431926793813,0.6135104075839035,False,0.025323679212443603,0.05615197011894176
92,randomized,distant,,0.11907041912526516,0.1446706262707254,0.1803693311276881,0.17356523391333437,0.6966272278929349,False,0.038694262481043504,0.09698654886985048
93,randomized,distant,,0.18578266744623537,0.2111426110097347,0.2799071921436266,0.23101856247682864,0.6494454635449,False,0.03399153117833844,0.08453316484656624
94,randomized,distant,,0.15589936374770075,0.1603971872631814,0.32396040459552805,0.17675581638039425,0.6518923425067653,False,0.033706998450455765,0.0967747325934846
95,randomized,distant,,0.21100717452831932,0.21278388170717477,0.2941121419071969,0.21625732975286088,0.5874909547222767,False,0.02843865805472821,0.07119207560821982
96,randomized,distant,,0.06098635599968263,0.06279825805100518,0.1468087704148634,0.06098635599968263,0.6348806139836274,False,0.029962867911674716,0.09826434940938145
97,randomized,distant,,0.14418553423815975,0.17000379922820313,0.1980231068204612,0.1860006516887322,0.6131140950784538,False,0.030940826476584426,0.08006639992341824
98,randomized,distant,,0.08424059154286515,0.09505611447585245,0.2548239843226239,0.11863196812184887,0.6448941819886508,False,0.029656446621784426,0.04309288032352929
99,randomized,distant,,0.1815108400179454,0.20048443432075422,0.25080520261277894,0.2184246634265915,0.6027681401847549,False,0.03353263269994504,0.05465017066235265
100,randomized,distant,,0.11126612598340788,0.1383870967246597,0.19179938209203307,0.14483165278184154,0.6375158425910415,False,0.03189834593231227,0.05046805716869107
101,randomized,distant,,0.18694193251318375,0.1986095697150847,0.2339057067422392,0.20988686645064908,0.5784059107493542,False,0.023012830742965704,0.0735086596353417
102,randomized,distant,,0.15670818642975817,0.15799952424992145,0.18438415835167882,0.15670818642975817,0.6051404245052053,False,0.03238597682950672,0.057563329827133414
103,randomized,distant,,0.15128077191105657,0.1520182208258813,0.18245157493941686,0.15128077191105657,0.5588621716228687,False,0.025285705489009595,0.07460689583513819
104,randomized,distant,,0.1825026091163087,0.19849917055685293,0.27675962813410965,0.2137968539576454,0.6295335964616993,False,0.026097556512321433,0.0749482858090214
105,randomized,distant,,0.13438284825446914,0.14326428342694772,0.23116849096966607,0.1574768083809101,0.6543249009371348,False,0.02513111614824549,0.07125772816963725
106,randomized,distant,,0.09432075998100842,0.1153355719021772,0.25738334003788466,0.14542701409322717,0.6500682222188457,False,0.03134971765441877,0.044700157850854405
107,randomized,distant,,0.17182325132639392,0.17950225131613304,0.19759107995203334,0.17935593699350985,0.6540246082158048,False,0.029880092711843286,0.07949198061285957
108,randomized,distant,,0.19329090646428962,0.2116881048887647,0.2824657064716294,0.24970149090404833,0.7219167750600245,False,0.032795202180934034,0.08321543376359539
109,randomized,distant,,0.14627595992561665,0.16756488729921545,0.1983239984387204,0.1681268767419898,0.7167131361786026,False,0.035017999950620195,0.06095345790527122
110,randomized,distant,,0.11804454940105105,0.11957381310901878,0.18375493818929187,0.11804454940105105,0.6051104879414978,False,0.023641932235391825,0.08084346467799886
111,randomized,distant,,0.21440263664154116,0.22150264919074467,0.2413625676838206,0.22097135282561492,0.6125439974869118,False,0.02750192665349429,0.06108766815542752
112,randomized,distant,,0.1401671187059159,0.14910048753921748,0.2047234928772278,0.16211902562014355,0.6458407001624841,False,0.02362246231810759,0.06009135897499655
113,randomized,distant,Benchmark endpoint IK failed (-31),0.13230273997572053,0.14534365181322,0.3056632220125266,0.17179657139342447,0.651857617306331,False,0.021486393507755826,0.08184918398896959
114,randomized,distant,,0.1368011850594295,0.16167248032052242,0.21166407858686861,0.172316160791294,0.5609456007370072,False,0.01790232497140605,0.0604661053727523
115,randomized,distant,,0.14415204101459633,0.16097432528400027,0.21267365535092805,0.17425523601690718,0.6684010717309876,False,0.02756344420648732,0.06096436575357378
116,randomized,distant,,0.13004516044182976,0.13097041857426986,0.18727724187875328,0.13004516044182976,0.637996841618346,False,0.044178494087904946,0.07579274831546239
117,randomized,distant,,0.15084997083003612,0.15192046910228887,0.19613846403958377,0.15084997083003612,0.5783809428048401,False,0.026177554158998584,0.06562101040210609
118,randomized,distant,,0.14159457676928325,0.15990882025789316,0.26371253399380284,0.17868612280642704,0.6207853002072816,False,0.030746957149475264,0.04792610376056902
119,randomized,distant,,0.21339149539091645,0.23036732152158818,0.26326137246919695,0.2416489450425673,0.5930447729073571,False,0.027496404125100727,0.06228027703989261
120,randomized,distant,,0.19308807282627502,0.19823073550743056,0.31873142323156356,0.2152543149028222,0.6556866859246117,False,0.026210100991683027,0.07310208946309017
121,randomized,distant,,0.18094004374738418,0.19446601139708206,0.2383362556462855,0.20920341944830145,0.6180402436188224,False,0.036880324917837264,0.05903502135883162
122,randomized,distant,,0.05590942025943743,0.05835394619916176,0.15627929517921785,0.05590942025943743,0.6725607045111854,False,0.03647898320883465,0.12044426301781044
