cohort,environment,stratum,mode,success,par2_s,action_wall_s,end_to_end_wall_s,audit_joint_path_length,audit_ee_path_length_m,audit_min_world_clearance_m,curve_min_clearance_m
cohort_1,0,central_c0.2,cartesian_ik,1.0,0.14544239250244573,0.14544239250244573,0.27366026456002146,9.357957394258001,0.8696345040631,0.012193146887191,0.09905342821657206
cohort_1,0,central_c0.2,joint_projected,1.0,0.12644674888579174,0.12644674888579174,0.25503519364865496,9.290830156051,0.7250976266123,0.009133203851527001,0.07878198675155623
cohort_1,0,central_c0.2,ompl_uniform,1.0,0.16499294128734618,0.16499294128734618,0.1664137825020589,13.194739964010001,2.2129838723797,0.011636387977101,0.11624320135299984
cohort_1,1,central_c0.2,cartesian_ik,1.0,0.17961432450683787,0.17961432450683787,0.2039443466463126,12.850087913858001,0.9494870838709002,0.020711979973829998,0.07472327254780962
cohort_1,1,central_c0.2,joint_projected,1.0,0.13898455628659576,0.13898455628659576,0.16318142745876685,9.637609050627,0.741846083093,0.018081415254503,0.07472327254780962
cohort_1,1,central_c0.2,ompl_uniform,1.0,0.18225898859091103,0.18225898859091103,0.18364499282324687,13.86749070784,2.159956315906,0.012182656005822,0.07349953938443822
cohort_1,2,central_c0.2,cartesian_ik,1.0,0.17342027107952163,0.17342027107952163,0.21566094022709875,12.039956042873001,1.0306452337846,0.012481521950998001,0.10369026388545992
cohort_1,2,central_c0.2,joint_projected,1.0,0.16567506999708712,0.16567506999708712,0.20770375303691252,11.792817325909,0.9402803659078,0.012895461909053,0.10084652163907241
cohort_1,2,central_c0.2,ompl_uniform,1.0,0.16994599581230432,0.16994599581230432,0.17131389289861546,13.29222696235,1.9391747892003999,0.01661806793932,0.13142231461779258
cohort_1,3,central_c0.2,cartesian_ik,1.0,0.20244320483179762,0.20244320483179762,0.24185734333004802,12.029807225976002,0.9005692797634,0.009383663413010997,0.07453182885162878
cohort_1,3,central_c0.2,joint_projected,1.0,0.18708679222036154,0.18708679222036154,0.2264991141972132,12.115298819724,0.8863606145383001,0.009219519157989001,0.07692618487499261
cohort_1,3,central_c0.2,ompl_uniform,1.0,0.18983045819913968,0.18983045819913968,0.19124053010018544,15.233477802750002,2.222921198659,0.012384173776418,0.07733205575361952
cohort_1,4,central_c0.2,cartesian_ik,1.0,0.17671764220576733,0.17671764220576733,0.2421599180670455,12.651410313593,0.9400306077889002,0.00483020850169725,0.08381846579887273
cohort_1,4,central_c0.2,joint_projected,1.0,0.1658168883062899,0.1658168883062899,0.23124793566530571,11.339668353271,1.0685183109807,0.0061530987782309,0.08317402418171813
cohort_1,4,central_c0.2,ompl_uniform,1.0,0.15226049950579182,0.15226049950579182,0.15351708441739903,13.605249579120002,2.4092465546018,0.005735220851205,0.08260857473563409
cohort_1,5,central_c0.2,cartesian_ik,1.0,0.2732633944018744,0.2732633944018744,0.2993018244975246,17.014083000073004,1.2549352834246,0.00029179394883462994,0.0867858287910629
cohort_1,5,central_c0.2,joint_projected,1.0,0.217890906392131,0.217890906392131,0.24420826302375645,17.399626068579998,1.2558441844155,0.00031063789652786,0.08322199915170359
cohort_1,5,central_c0.2,ompl_uniform,1.0,0.2856339611229487,0.2856339611229487,0.287216129002627,18.80152519353,3.003879036382,0.00024578687837091,0.1251053702115
cohort_1,6,central_c0.2,cartesian_ik,1.0,0.18911559191765265,0.18911559191765265,0.23131339873652906,12.149027636601,0.9666338043686998,0.011042846992382999,0.10693614729368421
cohort_1,6,central_c0.2,joint_projected,1.0,0.13511113404529168,0.13511113404529168,0.1771283400245011,8.407345921986,0.7306707892844,0.010936882728594,0.0998813281202911
cohort_1,6,central_c0.2,ompl_uniform,1.0,0.17342783871572465,0.17342783871572465,0.17473904130747542,12.944879872069999,1.9255140992107003,0.013328642812949997,0.11363543998697456
cohort_1,7,central_c0.2,cartesian_ik,1.0,0.1799013538751751,0.1799013538751751,0.2044733406393789,12.975916997919,1.011021164623,0.013889791375769001,0.08291847926299482
cohort_1,7,central_c0.2,joint_projected,1.0,0.26839067629771307,0.26839067629771307,0.2940906921052374,17.34921917174,1.1594991567082,0.007176590604216999,0.07290878706050981
cohort_1,7,central_c0.2,ompl_uniform,1.0,0.28435770079959183,0.28435770079959183,0.286009356402792,20.12412645394,3.2707322545669997,0.01132830149533,0.08325500100424799
cohort_1,8,central_c0.2,cartesian_ik,1.0,0.1896534600877203,0.1896534600877203,0.2123138904804364,12.860633940269,0.9877004279382,0.013402742264985001,0.07507873524499584
cohort_1,8,central_c0.2,joint_projected,1.0,0.16934820979367943,0.16934820979367943,0.1924081166740507,11.934012071934998,0.9278659368413,0.011555265769778,0.06660354690207551
cohort_1,8,central_c0.2,ompl_uniform,1.0,0.14956389149883761,0.14956389149883761,0.1509040880133398,13.628706366280003,2.3909582484169998,0.02168541307188,0.08120994670961813
cohort_1,9,central_c0.2,cartesian_ik,1.0,0.21271971719106658,0.21271971719106658,0.2354395605623722,14.649959679285999,0.9796448421641001,0.01011726150168792,0.08601606051328348
cohort_1,9,central_c0.2,joint_projected,1.0,0.14135404840344562,0.14135404840344562,0.1636843222542666,10.379301063928999,0.7176313828806001,0.008433251045849001,0.08537223262487773
cohort_1,9,central_c0.2,ompl_uniform,1.0,0.18952078541042283,0.18952078541042283,0.1908357346896082,12.878031718649002,2.3115484406663,0.0147838218606193,0.08509620218079852
cohort_1,10,central_c0.8,cartesian_ik,1.0,0.14840006201993675,0.14840006201993675,0.1715464551001787,11.977913986178999,0.8898370756456,0.008359000412306002,0.08363886005222597
cohort_1,10,central_c0.8,joint_projected,1.0,0.12245080840075388,0.12245080840075388,0.14587526650866495,8.327438758887,0.8487929385703001,0.0071441822730283,0.08123754037998418
cohort_1,10,central_c0.8,ompl_uniform,1.0,0.1808260085177608,0.1808260085177608,0.1820958654745482,13.0538394276,2.1829560789916,0.008411678625755,0.089050906971113
cohort_1,11,central_c0.8,cartesian_ik,1.0,0.14700934117427095,0.14700934117427095,0.16918002805905416,10.332111206467,0.9223761319075001,0.0127855168420274,0.11609580165467934
cohort_1,11,central_c0.8,joint_projected,1.0,0.1494635980227031,0.1494635980227031,0.1720300380839035,10.400073065734,0.9372096788236,0.013945163350208001,0.133032545968329
cohort_1,11,central_c0.8,ompl_uniform,1.0,0.15167093202471732,0.15167093202471732,0.15300665189279244,12.917341901470001,2.300479702538,0.015539218373210002,0.13197925541861827
cohort_1,12,central_c0.8,cartesian_ik,1.0,0.17847267939941958,0.17847267939941958,0.20207341933855788,12.743641166438,0.9239330022431,0.018652607781087998,0.0658206668930475
cohort_1,12,central_c0.8,joint_projected,1.0,0.24117719889618455,0.24117719889618455,0.26486099815228953,12.166708205473,0.8310373360797001,0.016595661320598996,0.06887584868310485
cohort_1,12,central_c0.8,ompl_uniform,1.0,0.16572259399108588,0.16572259399108588,0.1672117550042458,14.02988034724,2.4006527661782,0.0154365337346121,0.0624169643211796
cohort_1,13,central_c0.8,cartesian_ik,1.0,0.12443060679361224,0.12443060679361224,0.14704727729549633,9.607075757202999,0.8135873148959,0.023218363523553,0.09184806704651784
cohort_1,13,central_c0.8,joint_projected,1.0,0.1348177402978763,0.1348177402978763,0.15741086557973177,10.274303901355001,0.9108019785206001,0.02623428708308,0.09066364612772966
cohort_1,13,central_c0.8,ompl_uniform,1.0,0.1433123603113927,0.1433123603113927,0.14468638733960687,13.234868298514002,2.0074252683605,0.02918298046712,0.0970214495071035
cohort_1,14,central_c0.8,cartesian_ik,1.0,0.20240690624341368,0.20240690624341368,0.22493509422056376,13.741739975408,1.1319754622862,0.007984108004367,0.08986011018798955
cohort_1,14,central_c0.8,joint_projected,1.0,0.17965455331141128,0.17965455331141128,0.20307407558429985,12.669510299781999,0.8764947572519001,0.007649849328111999,0.08228080357666798
cohort_1,14,central_c0.8,ompl_uniform,1.0,0.21832934698322787,0.21832934698322787,0.21963408371666446,15.32946352723,2.6267732666384,0.0074243759736370984,0.09231542734676249
cohort_1,15,central_c0.8,cartesian_ik,1.0,0.13643089428078384,0.13643089428078384,0.1675688609480858,11.441335820587,1.0075444545783,0.020150384808366,0.09981963810856687
cohort_1,15,central_c0.8,joint_projected,1.0,0.16812728710938246,0.16812728710938246,0.19955768848303707,12.295779998604,1.0063862961428,0.020790350333691,0.11177110480007893
cohort_1,15,central_c0.8,ompl_uniform,1.0,0.16388887801440433,0.16388887801440433,0.16551988661522046,13.737047137607998,2.3391095746578,0.02200621485854,0.10810141825027167
cohort_1,16,central_c0.8,cartesian_ik,1.0,0.14585320511832833,0.14585320511832833,0.1713755400851369,10.609743543875,0.8058751487406999,0.006725422018281001,0.07858340973761228
cohort_1,16,central_c0.8,joint_projected,1.0,0.14073387579992414,0.14073387579992414,0.16617972807725892,10.623701167909001,0.7851012570215999,0.006852503243997001,0.07899166685654577
cohort_1,16,central_c0.8,ompl_uniform,1.0,0.16083677670685576,0.16083677670685576,0.16234307697741315,12.97694270773,1.9530550970210996,0.0061833906665,0.08421681129900874
cohort_1,17,central_c0.8,cartesian_ik,1.0,0.14678679271601142,0.14678679271601142,0.1757596093812026,9.503344294555001,0.8093484688595002,0.004361946498028001,0.09110809204279502
cohort_1,17,central_c0.8,joint_projected,1.0,0.1670780142187141,0.1670780142187141,0.1960153805790469,12.917575284975001,0.8740779932078,0.00396069801172,0.0860451040210805
cohort_1,17,central_c0.8,ompl_uniform,1.0,0.2117814430850558,0.2117814430850558,0.21335732410661876,15.406166225150002,2.2354019140822,0.0036067045594756998,0.08438782153778794
cohort_1,18,central_c0.8,cartesian_ik,1.0,0.17296378242317587,0.17296378242317587,0.2172891494235955,12.578759754638998,0.8514419732782998,0.000698601094564,0.0807001699854836
cohort_1,18,central_c0.8,joint_projected,1.0,0.1760710369911976,0.1760710369911976,0.22002870712894945,12.90721025725,0.9475539739887001,0.0007519570796935,0.0766524813829808
cohort_1,18,central_c0.8,ompl_uniform,1.0,0.2999773699906655,0.2999773699906655,0.3015784741961397,18.820184183010003,3.3610433734499,0.0009236971316963999,0.08558926787536558
cohort_1,19,central_c0.8,cartesian_ik,1.0,0.17524462490109727,0.17524462490109727,0.2160140772582963,11.962909795732,0.9637008132831,0.007229447945026999,0.09537847819523254
cohort_1,19,central_c0.8,joint_projected,0.9,0.7977508725016378,0.22534276959486305,0.26634227614849804,11.655881127916668,0.8695164075365556,0.007577451467749445,0.09074443502832032
cohort_1,19,central_c0.8,ompl_uniform,1.0,0.20167902328539639,0.20167902328539639,0.203433330997359,13.3603358628,1.9577138851122,0.007923071648279,0.09346261442392548
cohort_1,20,offset_c0.2,cartesian_ik,1.0,0.14509719469351695,0.14509719469351695,0.19327642427524552,9.556578040842,0.7167902758339999,0.04333191768755,0.11309225568084158
cohort_1,20,offset_c0.2,joint_projected,1.0,0.1335327532957308,0.1335327532957308,0.18096416584448888,9.619110456113,0.6992839971306,0.021020333930771,0.10702290470404666
cohort_1,20,offset_c0.2,ompl_uniform,1.0,0.1539136653067544,0.1539136653067544,0.15520767620764672,12.872350076065999,2.367144882515,0.052179655034640005,0.11363286751144164
cohort_1,21,offset_c0.2,cartesian_ik,1.0,0.17001422930043192,0.17001422930043192,0.20340156429447234,10.979538446125,0.7360449137678999,0.0047187500808895996,0.054148822026969246
cohort_1,21,offset_c0.2,joint_projected,1.0,0.17896054907469078,0.17896054907469078,0.21309660169063135,10.558760436938,0.6771418941867,0.0053322587062458,0.053927291818634523
cohort_1,21,offset_c0.2,ompl_uniform,1.0,0.1826120670302771,0.1826120670302771,0.18410571538843215,14.434084823270002,2.0800788658116,0.008121895053316999,0.053904286896762243
cohort_1,22,offset_c0.2,cartesian_ik,1.0,0.1411197137203999,0.1411197137203999,0.1662250456865877,11.645301458686,0.9709170012331001,0.02167872026298,0.09145307804859334
cohort_1,22,offset_c0.2,joint_projected,1.0,0.1217981854104437,0.1217981854104437,0.14659499709960072,6.9350620763510005,0.6153149593487999,0.016289010707853203,0.08811992402174827
cohort_1,22,offset_c0.2,ompl_uniform,1.0,0.1569601755705662,0.1569601755705662,0.1584070467040874,13.258784815088001,1.859629372158,0.023592298227749997,0.0978941147486653
cohort_1,23,offset_c0.2,cartesian_ik,1.0,0.13151236538542435,0.13151236538542435,0.1554703843779862,8.288935146011,0.7209910627714001,0.011336467601074,0.09905242868146445
cohort_1,23,offset_c0.2,joint_projected,1.0,0.13809218341484666,0.13809218341484666,0.16187168384203687,10.203118427381998,0.825252662774,0.0067125759616584995,0.0956955780809292
cohort_1,23,offset_c0.2,ompl_uniform,1.0,0.1766563442768529,0.1766563442768529,0.17805214800173416,13.009995663769999,1.3936267527750998,0.012755774790554003,0.10352812184666602
cohort_1,24,offset_c0.2,cartesian_ik,1.0,0.19874971371609718,0.19874971371609718,0.22562263045692815,12.369157011275,0.8070225123090999,0.006540394377106,0.08936470285679214
cohort_1,24,offset_c0.2,joint_projected,1.0,0.2036414226866327,0.2036414226866327,0.23073769848560916,13.179400720501999,0.8903892760607001,0.006986063840354001,0.0869610077230461
cohort_1,24,offset_c0.2,ompl_uniform,1.0,0.14870142670115455,0.14870142670115455,0.15013041039928793,13.26823195151,2.217575338945,0.010207051891851001,0.09045613261048868
cohort_1,25,offset_c0.2,cartesian_ik,1.0,0.13037997909123078,0.13037997909123078,0.16021305314498022,10.187677905662,0.7972831921204,0.015517286323311999,0.10305255407658809
cohort_1,25,offset_c0.2,joint_projected,1.0,0.10733377678552643,0.10733377678552643,0.13709484243299813,8.288643915388999,0.7416443126616,0.017159737095931,0.10168933575709178
cohort_1,25,offset_c0.2,ompl_uniform,1.0,0.16299071591347455,0.16299071591347455,0.1642756768851541,12.636820817499999,2.0802949299559996,0.017316661194571,0.10924802873862197
cohort_1,26,offset_c0.2,cartesian_ik,1.0,0.14893657770007848,0.14893657770007848,0.17129254458704962,10.438110113342,0.9144829992217,0.016036298276242,0.11607436777049902
cohort_1,26,offset_c0.2,joint_projected,1.0,0.1681270333006978,0.1681270333006978,0.1904582935385406,10.999511661328,0.832233244911,0.012037257172027,0.11201912132287921
cohort_1,26,offset_c0.2,ompl_uniform,1.0,0.17889812589855864,0.17889812589855864,0.18029014139901847,14.21216675481,2.0957090384913997,0.018380727086310004,0.13985970011746768
cohort_1,27,offset_c0.2,cartesian_ik,1.0,0.09840522271115333,0.09840522271115333,0.12089152294211089,6.10140635728,0.5355882328131,0.029721456583862004,0.10987476790787438
cohort_1,27,offset_c0.2,joint_projected,1.0,0.12424442999763415,0.12424442999763415,0.14640739890746773,8.157407155652999,0.65504777654,0.019648785788179,0.10213626533138195
cohort_1,27,offset_c0.2,ompl_uniform,1.0,0.17597169369691984,0.17597169369691984,0.17732494678348304,13.758671842339998,2.2575479909564002,0.02263272688997,0.10651292968968558
cohort_1,28,offset_c0.2,cartesian_ik,1.0,0.16514881529146805,0.16514881529146805,0.2004039629478939,10.47197195084,0.9092962790574001,0.017615368553151996,0.10249928451363013
cohort_1,28,offset_c0.2,joint_projected,1.0,0.1610839226283133,0.1610839226283133,0.1963850277592428,10.677643677415002,0.8834169139257,0.014247499139593,0.09614504495975557
cohort_1,28,offset_c0.2,ompl_uniform,1.0,0.14151780453976243,0.14151780453976243,0.1428786681732163,13.356808200589999,1.7650977908293002,0.026594732329496995,0.12539700326794828
cohort_1,29,offset_c0.2,cartesian_ik,1.0,0.25464920508675276,0.25464920508675276,0.2779425960732624,16.10927218212,1.1891855296445,0.00017111252260291,0.08015198423548031
cohort_1,29,offset_c0.2,joint_projected,1.0,0.18884528339840473,0.18884528339840473,0.21189815994584932,14.752849950180002,1.0533760809533,0.0001183245982472929,0.08168439704032718
cohort_1,29,offset_c0.2,ompl_uniform,1.0,0.2729156953049824,0.2729156953049824,0.27459870332386344,18.283329443590002,2.5003074593052004,0.00013441193217707,0.10760593610074587
cohort_1,30,offset_c0.8,cartesian_ik,1.0,0.1425081172841601,0.1425081172841601,0.16462393184192478,9.951398836657,0.83895322206,0.021244959344651003,0.07737001281146742
cohort_1,30,offset_c0.8,joint_projected,1.0,0.18860129551030697,0.18860129551030697,0.21176532336976378,13.080311978102,1.0087306730645003,0.022870276596021,0.07870038119447065
cohort_1,30,offset_c0.8,ompl_uniform,1.0,0.17847853162093089,0.17847853162093089,0.17986552210059017,15.1266111717,2.581423283498,0.027021433034448,0.0753906342070649
cohort_1,31,offset_c0.8,cartesian_ik,1.0,0.17705700990045442,0.17705700990045442,0.2006564643699676,10.917781152949999,0.9794475669247001,0.025192762306185,0.10102486339270125
cohort_1,31,offset_c0.8,joint_projected,1.0,0.1603043082053773,0.1603043082053773,0.18420966354897245,11.497997009002,0.8683987817292002,0.027180409548065998,0.10405648000351708
cohort_1,31,offset_c0.8,ompl_uniform,1.0,0.2081843733903952,0.2081843733903952,0.2096269231871702,15.726926119100003,2.404313762444,0.025120024526754,0.10208997922118042
cohort_1,32,offset_c0.8,cartesian_ik,1.0,0.11369845458539203,0.11369845458539203,0.14146794293774292,9.765462006658,0.8923640590694001,0.017635638168720998,0.09879846963789012
cohort_1,32,offset_c0.8,joint_projected,1.0,0.14084701290121301,0.14084701290121301,0.16871305962558836,8.763786670216001,0.7238961767222001,0.018081317475199997,0.10005623593866778
cohort_1,32,offset_c0.8,ompl_uniform,1.0,0.16701487397076561,0.16701487397076561,0.1684337687678635,13.64774967333,2.747993747062,0.013174157660375,0.09790028956344968
cohort_1,33,offset_c0.8,cartesian_ik,1.0,0.1518870305037126,0.1518870305037126,0.17553396293660625,9.032661669356001,0.6812158063000999,0.0136756616624968,0.09524733870687838
cohort_1,33,offset_c0.8,joint_projected,1.0,0.14387601899215952,0.14387601899215952,0.16731316632358356,8.746334940437,0.7390563079399,0.013536592483686999,0.09142756633469382
cohort_1,33,offset_c0.8,ompl_uniform,1.0,0.1680378486867994,0.1680378486867994,0.16943833818659187,12.766958466219998,1.8663026372072,0.012942174394979,0.07720949790629568
cohort_1,34,offset_c0.8,cartesian_ik,1.0,0.13087806300027297,0.13087806300027297,0.1538637968711555,11.272227384092998,0.8609035918550999,0.0129100397558153,0.06267416401576703
cohort_1,34,offset_c0.8,joint_projected,1.0,0.1496616671909578,0.1496616671909578,0.17302055432228372,10.222746941902999,0.8681131180766999,0.015551555777852999,0.06232024719752719
cohort_1,34,offset_c0.8,ompl_uniform,1.0,0.15219995738007128,0.15219995738007128,0.15344797989819198,12.827579547,1.8640759960128999,0.019390469736635003,0.06498130355885047
cohort_1,35,offset_c0.8,cartesian_ik,1.0,0.1606770432088524,0.1606770432088524,0.1852759415633045,11.95380463461,1.1108677081612002,0.019638538330493997,0.08671283250286513
cohort_1,35,offset_c0.8,joint_projected,1.0,0.15484787072055042,0.15484787072055042,0.17952586377505214,10.103370772217,0.7453399010031,0.018269646226416,0.08363684770371163
cohort_1,35,offset_c0.8,ompl_uniform,1.0,0.16779809249565006,0.16779809249565006,0.16916577819501982,13.222419679649999,1.9024651417666,0.018084609263612002,0.08686801971402289
cohort_1,36,offset_c0.8,cartesian_ik,1.0,0.1682240773923695,0.1682240773923695,0.1937743625487201,10.910373522208001,0.9859591545508,0.034932377301615004,0.11794093614303977
cohort_1,36,offset_c0.8,joint_projected,1.0,0.14017437769798563,0.14017437769798563,0.1647127379779704,9.206426935824,0.9315634126768,0.038656663132472,0.12667358109667695
cohort_1,36,offset_c0.8,ompl_uniform,1.0,0.16314524500630795,0.16314524500630795,0.1645154366036877,12.025560136794999,1.7783156155598001,0.049420003935097004,0.12535782957995142
cohort_1,37,offset_c0.8,cartesian_ik,1.0,0.15727149207377805,0.15727149207377805,0.18534244069596753,10.560113392435,0.845951521668,0.0040161344857632,0.0747881400941781
cohort_1,37,offset_c0.8,joint_projected,1.0,0.21920845250133425,0.21920845250133425,0.24732895287452267,10.999213840086998,0.9422458657921,0.004721175710919,0.07295891526069857
cohort_1,37,offset_c0.8,ompl_uniform,1.0,0.16130394289502875,0.16130394289502875,0.1626316060195677,13.07923883538,1.7834796044731,0.004677439006227,0.07491104947575591
cohort_1,38,offset_c0.8,cartesian_ik,1.0,0.18388846452580765,0.18388846452580765,0.2070476265740581,11.942495740553,0.9748798118748001,0.0119144145923457,0.08564414793583242
cohort_1,38,offset_c0.8,joint_projected,1.0,0.1651792897260748,0.1651792897260748,0.18992913746042178,10.787821090404,0.8895709627910999,0.0104960098687892,0.080917161659611
cohort_1,38,offset_c0.8,ompl_uniform,1.0,0.17545940430136397,0.17545940430136397,0.17713930491590874,14.0770037146,2.4735919588343007,0.028932007461468002,0.0990338696292995
cohort_1,39,offset_c0.8,cartesian_ik,1.0,0.1686631376040168,0.1686631376040168,0.192593515641056,11.788380101383998,1.0598805213179001,0.024293982001641,0.11021519668012739
cohort_1,39,offset_c0.8,joint_projected,1.0,0.12404876820510254,0.12404876820510254,0.14784527142765,7.844551417873001,0.7151669111042,0.0157521326307816,0.09483325947006885
cohort_1,39,offset_c0.8,ompl_uniform,1.0,0.16667739268159493,0.16667739268159493,0.16793291768990457,13.63739044635,2.2442142727028997,0.023006191865390997,0.10320059586680305
cohort_1,40,distant_c0.2,cartesian_ik,1.0,0.1638860648148693,0.1638860648148693,0.18713207937544213,10.050882556071999,0.7688820882231,0.017538744259591,0.11048137974345743
cohort_1,40,distant_c0.2,joint_projected,1.0,0.1047033212846145,0.1047033212846145,0.1277909384574741,5.289354738962,0.4447914012241,0.015469753045223997,0.11023376405918525
cohort_1,40,distant_c0.2,ompl_uniform,1.0,0.17078736800467595,0.17078736800467595,0.17222529312130064,13.35416948978,1.8749935727937,0.018332345617170002,0.10879121870838634
cohort_1,41,distant_c0.2,cartesian_ik,1.0,0.1494711333187297,0.1494711333187297,0.17285612751729787,9.04640564271,0.6290772219628,0.031263419305504005,0.11283463183798839
cohort_1,41,distant_c0.2,joint_projected,1.0,0.17320501459762455,0.17320501459762455,0.19667458755429834,10.455475817922999,0.6006164256124,0.030418331067736004,0.11411844410237278
cohort_1,41,distant_c0.2,ompl_uniform,1.0,0.1575601696386002,0.1575601696386002,0.15896781218471007,12.975359290829,1.6014415254157999,0.03481545756521,0.11330867603128172
cohort_1,42,distant_c0.2,cartesian_ik,1.0,0.14135096998652444,0.14135096998652444,0.164815919008106,9.06637765212,0.6343954705785,0.0659624734944195,0.17304781639853614
cohort_1,42,distant_c0.2,joint_projected,1.0,0.11183500329498201,0.11183500329498201,0.13537698975997045,5.283370695048001,0.4197306068644,0.07373318285244,0.1764102232316592
cohort_1,42,distant_c0.2,ompl_uniform,1.0,0.17607932550599797,0.17607932550599797,0.1773945247172378,13.56467132424,1.7449603679315,0.06608713722757001,0.18018367427204296
cohort_1,43,distant_c0.2,cartesian_ik,1.0,0.14886927604675293,0.14886927604675293,0.17512475253315643,9.874157647042,0.7038874799039,0.040537504025408,0.14754543637703396
cohort_1,43,distant_c0.2,joint_projected,1.0,0.1135752970003523,0.1135752970003523,0.1398800193797797,8.390350565782999,0.6114843214635,0.029975861186889004,0.13900294714661823
cohort_1,43,distant_c0.2,ompl_uniform,1.0,0.1577355156186968,0.1577355156186968,0.1589031390962191,13.12548289554,2.1957760811869997,0.06039716782329,0.1576050115479141
cohort_1,44,distant_c0.2,cartesian_ik,1.0,0.1372047547600232,0.1372047547600232,0.16705971403280273,8.477070206614,0.5860908057975001,0.03844838225769401,0.17223665004414626
cohort_1,44,distant_c0.2,joint_projected,1.0,0.1131656046025455,0.1131656046025455,0.14266131442273036,7.6182320923510005,0.5223818435421002,0.036189181679225,0.16592640738290781
cohort_1,44,distant_c0.2,ompl_uniform,1.0,0.16221048632869497,0.16221048632869497,0.16353033890482038,12.702038496126999,1.7857060488798002,0.042949854489463,0.19678379375066388
cohort_1,45,distant_c0.2,cartesian_ik,1.0,0.15496003358857707,0.15496003358857707,0.17965483228908852,10.102455374666999,0.7628795880493999,0.012488675835718999,0.12584015341154012
cohort_1,45,distant_c0.2,joint_projected,1.0,0.16289295899914577,0.16289295899914577,0.18863190291449428,11.296749495744999,0.8836606730320001,0.013995760248741,0.12979843030835825
cohort_1,45,distant_c0.2,ompl_uniform,1.0,0.18147828152868897,0.18147828152868897,0.1828384412219748,14.015721236614999,2.809253613177,0.014993297614410001,0.12759660794122693
cohort_1,46,distant_c0.2,cartesian_ik,1.0,0.14909198329551146,0.14909198329551146,0.17301697352668272,9.633693706658,0.6597469385656,0.046041254877439,0.14794853832666538
cohort_1,46,distant_c0.2,joint_projected,1.0,0.11001069149933755,0.11001069149933755,0.13390240614535287,4.177819269567999,0.3670552931384,0.036076495224517,0.14601622340202414
cohort_1,46,distant_c0.2,ompl_uniform,1.0,0.1577336432877928,0.1577336432877928,0.1589896680205129,13.687327073830001,1.8359452750499998,0.04609169926513999,0.15402851908944298
cohort_1,47,distant_c0.2,cartesian_ik,1.0,0.14707968627335505,0.14707968627335505,0.17145077403401957,9.432227738678,0.628375162846,0.037854272479869,0.1330691426778116
cohort_1,47,distant_c0.2,joint_projected,1.0,0.12776970269624144,0.12776970269624144,0.15065059756161644,8.040113287911,0.5728399042694,0.031047937602744,0.13442599343688472
cohort_1,47,distant_c0.2,ompl_uniform,1.0,0.15303827682510018,0.15303827682510018,0.15435526638757438,12.83100380294,1.7366587315264002,0.038659589013714,0.13025743754044408
cohort_1,48,distant_c0.2,cartesian_ik,0.9,0.7464370703673922,0.16405650917440653,0.18666497666854412,11.448698967977776,0.8711131307657778,0.02819534674359889,0.12648421755485859
cohort_1,48,distant_c0.2,joint_projected,1.0,0.0987213962012902,0.0987213962012902,0.12145120567874983,5.1216222236019995,0.5437482166907,0.028912754306951997,0.1373918629074845
cohort_1,48,distant_c0.2,ompl_uniform,1.0,0.15689841881394387,0.15689841881394387,0.15818412948865443,13.445729826039999,2.3016628226441,0.050493959376462005,0.14188444998550348
cohort_1,49,distant_c0.2,cartesian_ik,1.0,0.11156107221031561,0.11156107221031561,0.14254049113951622,6.924389979253,0.4682705806954,0.032929431567460005,0.15684260835307606
cohort_1,49,distant_c0.2,joint_projected,1.0,0.11472458828939125,0.11472458828939125,0.14536352400900796,6.335824673058001,0.4986007764745001,0.029224365012870002,0.14555594925016074
cohort_1,49,distant_c0.2,ompl_uniform,1.0,0.17564690590370446,0.17564690590370446,0.17694622660055756,13.38206659905,2.149608501215,0.03385794820031,0.1557161702100175
cohort_1,50,distant_c0.8,cartesian_ik,1.0,0.138688101794105,0.138688101794105,0.16323542768368499,9.286675457913002,0.7594896297031,0.032004068736774,0.12124677649580591
cohort_1,50,distant_c0.8,joint_projected,1.0,0.23295457867207006,0.23295457867207006,0.25732555529102685,9.676407181563999,1.0093570365763,0.06269971401281602,0.1532216612649882
cohort_1,50,distant_c0.8,ompl_uniform,1.0,0.17867960230214522,0.17867960230214522,0.17986957230605186,13.831734938340002,2.780016337297,0.07958486286156,0.15435356261776348
cohort_1,51,distant_c0.8,cartesian_ik,1.0,0.14761354511138053,0.14761354511138053,0.17123295589117332,10.761135863416,1.0400532357994001,0.04910107277023,0.10490164190321713
cohort_1,51,distant_c0.8,joint_projected,1.0,0.14710185409057885,0.14710185409057885,0.17075424790382385,9.566336787185,0.9592208316107002,0.033088200578587,0.10190337609142464
cohort_1,51,distant_c0.8,ompl_uniform,1.0,0.13439493490150198,0.13439493490150198,0.1359836540883407,12.620323586418,2.830960766743,0.03735763615261,0.09976977918819639
cohort_1,52,distant_c0.8,cartesian_ik,1.0,0.10966713008238002,0.10966713008238002,0.13385552853578703,8.783221776663002,0.6924256706338,0.019434583989301,0.11545335613737226
cohort_1,52,distant_c0.8,joint_projected,1.0,0.11812856770120561,0.11812856770120561,0.14203322009416297,7.463331670889,0.5556866140046999,0.021016989241059998,0.11758424038089077
cohort_1,52,distant_c0.8,ompl_uniform,1.0,0.14672650420106947,0.14672650420106947,0.1480118920095265,13.51793138938,2.1567700156651,0.019583686434129,0.10744506466280043
cohort_1,53,distant_c0.8,cartesian_ik,1.0,0.12295995712047443,0.12295995712047443,0.14556684006238357,8.231046940361,0.5740344177123,0.013519033379099998,0.14315982749340822
cohort_1,53,distant_c0.8,joint_projected,1.0,0.11870114468038082,0.11870114468038082,0.14139234017347918,7.419628688853,0.7399569618277,0.012273007369616002,0.13484895789242426
cohort_1,53,distant_c0.8,ompl_uniform,1.0,0.18065992378396914,0.18065992378396914,0.18218325480120257,14.48600026454,2.0336001545345,0.012646035419708,0.14020147727434618
cohort_1,54,distant_c0.8,cartesian_ik,1.0,0.1408344702911563,0.1408344702911563,0.16388624197570606,9.585229016078,0.6772465063717,0.010406766107905,0.1278736102444934
cohort_1,54,distant_c0.8,joint_projected,1.0,0.12588723310036584,0.12588723310036584,0.14897972488543018,8.231918062305,0.731399805647,0.010678837856158998,0.12010080074114153
cohort_1,54,distant_c0.8,ompl_uniform,1.0,0.165665109467227,0.165665109467227,0.1669557454995811,12.754687843530002,1.8626611012439998,0.011117269305387001,0.1046079526432678
cohort_1,55,distant_c0.8,cartesian_ik,1.0,0.11791649310616777,0.11791649310616777,0.14376460808562114,8.788299148669001,0.7669810652983999,0.0434950837976571,0.11194465957997772
cohort_1,55,distant_c0.8,joint_projected,1.0,0.26547500351443887,0.26547500351443887,0.2912097942898981,6.158092226825,0.6163302123461001,0.028161245937529007,0.1113925769542472
cohort_1,55,distant_c0.8,ompl_uniform,1.0,0.15087183208670468,0.15087183208670468,0.15224064771318807,12.533833491522,1.9251543086930003,0.038826449659999,0.10565721741993486
cohort_1,56,distant_c0.8,cartesian_ik,1.0,0.1751246134750545,0.1751246134750545,0.19826294762315227,10.839981121777,0.8291808415784001,0.011360915955413001,0.09755798932415632
cohort_1,56,distant_c0.8,joint_projected,1.0,0.11601669549709186,0.11601669549709186,0.1392822808236815,8.446280291293998,0.7304976230485,0.010391187682629898,0.09304197059015382
cohort_1,56,distant_c0.8,ompl_uniform,1.0,0.17753115568775685,0.17753115568775685,0.17911113419104369,14.546049248819998,2.6276718535710004,0.01245482892208,0.08812407544605033
cohort_1,57,distant_c0.8,cartesian_ik,1.0,0.1258938536979258,0.1258938536979258,0.15419522972078994,8.804637240078,0.7336147275163001,0.05103262901829999,0.15581596870841574
cohort_1,57,distant_c0.8,joint_projected,1.0,0.13851069000083954,0.13851069000083954,0.16697795201325788,9.367211035542999,0.7439142929236,0.030946828370457,0.13756656841618597
cohort_1,57,distant_c0.8,ompl_uniform,1.0,0.17818545456975698,0.17818545456975698,0.17946064168354497,14.391672854749999,1.9042194275344002,0.09782196915395,0.1848468711336754
cohort_1,58,distant_c0.8,cartesian_ik,1.0,0.17387029028031975,0.17387029028031975,0.20656079907203093,11.533124039268,0.8081606292723,0.002193505822507,0.11020717721421609
cohort_1,58,distant_c0.8,joint_projected,1.0,0.14136915439739822,0.14136915439739822,0.17434942756081,8.93489974759,0.7927960477870999,0.0021914429683930004,0.1092227257052139
cohort_1,58,distant_c0.8,ompl_uniform,1.0,0.16090610137907788,0.16090610137907788,0.162226458103396,13.614819721870001,1.8855180355682997,0.0021676040230019997,0.10125476142304471
cohort_1,59,distant_c0.8,cartesian_ik,1.0,0.1088911725091748,0.1088911725091748,0.13828673954121767,8.731579511285998,0.7293389860147,0.022194663729680996,0.1472581932959886
cohort_1,59,distant_c0.8,joint_projected,1.0,0.14554149678442627,0.14554149678442627,0.17455412610433996,10.180960386574998,0.7900388431809,0.022201932493057998,0.15222961192941473
cohort_1,59,distant_c0.8,ompl_uniform,1.0,0.1757462607929483,0.1757462607929483,0.17719862158410252,13.61014277866,2.0328001272052,0.020548297302212,0.11393323496291785
cohort_2,0,central_c0.2,cartesian_ik,1.0,0.16394549121614546,0.16394549121614546,0.20012428159825504,10.130265779953998,0.7835679561948,0.025856047557618,0.1136065952600652
cohort_2,0,central_c0.2,joint_projected,1.0,0.11524589182808995,0.11524589182808995,0.15074451263062655,10.241250906996001,0.9393236544107999,0.04189918656194,0.11205008873029161
cohort_2,0,central_c0.2,ompl_uniform,1.0,0.19290155360940844,0.19290155360940844,0.19414311016444116,12.866555034860003,2.455097084014,0.043684259640432,0.13076512000659174
cohort_2,1,central_c0.2,cartesian_ik,1.0,0.13656729659996927,0.13656729659996927,0.16574130000080914,11.433167947369999,1.0236057535874,0.0294736760127494,0.11820896295274937
cohort_2,1,central_c0.2,joint_projected,1.0,0.15242190894205124,0.15242190894205124,0.18170735344756395,10.532863305348,0.9608671724057999,0.011202751382318,0.09409046163954839
cohort_2,1,central_c0.2,ompl_uniform,1.0,0.16627102314960213,0.16627102314960213,0.16765144660603254,13.13282934888,1.9334043312680003,0.0618271710538,0.12319432683388518
cohort_2,2,central_c0.2,cartesian_ik,1.0,0.17174484382849187,0.17174484382849187,0.19778544171713291,14.124158759558,0.9918315317700002,0.011066459089096,0.09236507562455712
cohort_2,2,central_c0.2,joint_projected,1.0,0.13216407960280777,0.13216407960280777,0.15827634250745176,11.429418146548,0.9043571482368,0.007073078062262,0.06124183336831934
cohort_2,2,central_c0.2,ompl_uniform,1.0,0.18710416601970792,0.18710416601970792,0.18876312440261245,14.518233205159998,2.614671084906,0.020306887605840002,0.08596498143692889
cohort_2,3,central_c0.2,cartesian_ik,1.0,0.09635177797172219,0.09635177797172219,0.11916450681164861,8.096672854148,0.6627987251545999,0.01534024583186,0.09386159862375845
cohort_2,3,central_c0.2,joint_projected,1.0,0.1193605034146458,0.1193605034146458,0.14228007481433452,7.353438599808001,0.626352462105,0.012109737954614801,0.0909181621199771
cohort_2,3,central_c0.2,ompl_uniform,1.0,0.12200285058934242,0.12200285058934242,0.12361990800127387,14.06260201492,1.939583307758,0.014949976952560002,0.10358780570833867
cohort_2,4,central_c0.2,cartesian_ik,1.0,0.22101676180027424,0.22101676180027424,0.24407874178141356,13.858072831216,0.96674060105,0.0038118102689268006,0.05202449174466629
cohort_2,4,central_c0.2,joint_projected,0.8,1.3001005774131045,0.11921104439534247,0.14213568498380483,9.694515703377501,0.7549215071480001,0.00198044916141225,0.04858703719963216
cohort_2,4,central_c0.2,ompl_uniform,1.0,0.16592443401459606,0.16592443401459606,0.16770894839428366,14.7548859405,2.7553118784739996,0.003975049532864,0.0517249973289028
cohort_2,5,central_c0.2,cartesian_ik,1.0,0.15463494982104747,0.15463494982104747,0.17771021341904997,12.163993977354,0.9342983419334001,0.026681318109146,0.14503864323183085
cohort_2,5,central_c0.2,joint_projected,1.0,0.1426453390158713,0.1426453390158713,0.16570721990428866,12.19906713093,1.1212717283673999,0.033661104433919994,0.14613789739416733
cohort_2,5,central_c0.2,ompl_uniform,1.0,0.16230477741919458,0.16230477741919458,0.16358000538311898,13.120232449740001,2.0163355921340003,0.04670866042217999,0.11115886208022181
cohort_2,6,central_c0.2,cartesian_ik,1.0,0.17835663559380918,0.17835663559380918,0.20628854893147947,13.495415265,0.9206589276654,0.009225940765936,0.07022481973222094
cohort_2,6,central_c0.2,joint_projected,1.0,0.1551967394305393,0.1551967394305393,0.18305163434706628,10.875700197544,0.8199004876526,0.002035473716325,0.07812746967541492
cohort_2,6,central_c0.2,ompl_uniform,1.0,0.1421870129648596,0.1421870129648596,0.14391940541099757,12.894433585439998,2.7151840792799997,0.009325591441560001,0.07337257078315963
cohort_2,7,central_c0.2,cartesian_ik,1.0,0.1069709082134068,0.1069709082134068,0.1420187600888312,10.785277191188001,0.7973167284264,0.028818967692635998,0.11882957009999809
cohort_2,7,central_c0.2,joint_projected,1.0,0.158017889643088,0.158017889643088,0.19260334405116736,13.102406119,0.9635428519850002,0.025361268128448,0.1125589074890618
cohort_2,7,central_c0.2,ompl_uniform,1.0,0.14196495078504084,0.14196495078504084,0.14369489660020918,11.60830962652,1.4673631711688002,0.03925588517838,0.11840438918957279
cohort_2,8,central_c0.2,cartesian_ik,1.0,0.13157414377201349,0.13157414377201349,0.18435036870650948,10.645819804578,0.9626334463306,0.025429719520295997,0.11831400970520231
cohort_2,8,central_c0.2,joint_projected,1.0,0.10388779900968075,0.10388779900968075,0.15647084370721132,8.581317892707998,0.8716671093588001,0.023128981106506,0.11023529315436136
cohort_2,8,central_c0.2,ompl_uniform,1.0,0.14926603962667287,0.14926603962667287,0.15091058679390698,13.983943081912003,2.074152692098,0.032312795243480005,0.11513176632137796
cohort_2,9,central_c0.2,cartesian_ik,1.0,0.195602197595872,0.195602197595872,0.22565423257183284,15.961255554599997,1.228211908862,0.012440904370459999,0.06989712519370936
cohort_2,9,central_c0.2,joint_projected,1.0,0.18319171259645373,0.18319171259645373,0.21344867879524826,11.358913220346,0.8643987499907999,0.011364070907282,0.07108429144518978
cohort_2,9,central_c0.2,ompl_uniform,1.0,0.17861822803970426,0.17861822803970426,0.18018591520376503,14.31617838006,2.343684740118,0.01029235454233,0.07108429144518978
cohort_2,10,central_c0.8,cartesian_ik,1.0,0.13529039779677987,0.13529039779677987,0.16979740941897034,10.278110633006,0.8384724781876001,0.010579374473798,0.056740361590885455
cohort_2,10,central_c0.8,joint_projected,1.0,0.2756109414156526,0.2756109414156526,0.3100882484344766,7.828717134516,0.7751443563429999,0.008528422567374,0.05570028728216403
cohort_2,10,central_c0.8,ompl_uniform,1.0,0.15697300215251744,0.15697300215251744,0.15863306757528334,12.78382877925,2.3625517819726,0.011342510095172,0.056707191156789225
cohort_2,11,central_c0.8,cartesian_ik,1.0,0.15475857639685273,0.15475857639685273,0.18080279217101633,11.379746898802,0.8586671740254002,0.0011475322115848,0.12190572689517092
cohort_2,11,central_c0.8,joint_projected,1.0,0.11991172062698752,0.11991172062698752,0.1470113379182294,8.930918943241998,0.8370661787576001,0.0008932133671699999,0.11335019772298435
cohort_2,11,central_c0.8,ompl_uniform,1.0,0.1502528758253902,0.1502528758253902,0.15162093301769347,12.41813308358,2.2241766764057997,0.001147853149838,0.11615202623627441
cohort_2,12,central_c0.8,cartesian_ik,1.0,0.1654924436006695,0.1654924436006695,0.1890019409591332,13.92593280538,1.234860990878,0.010752176484237999,0.0827013700076917
cohort_2,12,central_c0.8,joint_projected,1.0,0.2064705546014011,0.2064705546014011,0.229886199394241,14.91368306682,1.2782072762597998,0.006237290071903399,0.07726498944469959
cohort_2,12,central_c0.8,ompl_uniform,1.0,0.24281538540963082,0.24281538540963082,0.2445421140175313,19.9609144722,2.7006892283140003,0.0143961988660536,0.08181170090210252
cohort_2,13,central_c0.8,cartesian_ik,1.0,0.1266549078049138,0.1266549078049138,0.15268143366556614,10.508823305858,0.799079237451,0.033442583220779996,0.11318352418864056
cohort_2,13,central_c0.8,joint_projected,1.0,0.13605938157998027,0.13605938157998027,0.16215409461874514,12.18322304138,1.0172712091429998,0.0416154759013,0.11835521884648012
cohort_2,13,central_c0.8,ompl_uniform,1.0,0.13617073418572545,0.13617073418572545,0.13777106718625873,13.476161742959999,2.279214799312,0.036652733987059996,0.11830416409940984
cohort_2,14,central_c0.8,cartesian_ik,1.0,0.15990225879941136,0.15990225879941136,0.19502313702832907,9.93272705212,0.7690189365351999,0.004513479752908001,0.05492048970634902
cohort_2,14,central_c0.8,joint_projected,1.0,0.12708967318758368,0.12708967318758368,0.16202904959209263,10.632350329358001,0.915897910317,0.0047949124984279995,0.05444959028122156
cohort_2,14,central_c0.8,ompl_uniform,1.0,0.22714756040368228,0.22714756040368228,0.2286395675735548,17.15745146638,2.2179196908199996,0.00502168613397,0.05492048970634902
cohort_2,15,central_c0.8,cartesian_ik,1.0,0.13248364597093315,0.13248364597093315,0.15663368629757315,9.400995480454,0.7806886376106,0.013472894199193198,0.07016531823150471
cohort_2,15,central_c0.8,joint_projected,1.0,0.18394511735532432,0.18394511735532432,0.2085345485014841,13.496411028036002,0.9514393440868,0.0067399417041184,0.06643772707184227
cohort_2,15,central_c0.8,ompl_uniform,1.0,0.16434671599417924,0.16434671599417924,0.16602213643491268,15.36932027796,3.0578528196460004,0.0159126675936,0.06590026921303441
cohort_2,16,central_c0.8,cartesian_ik,1.0,0.17797362536657602,0.17797362536657602,0.20252276302780955,9.202084897006,0.8139694708436,0.016386756365304,0.07218646336577886
cohort_2,16,central_c0.8,joint_projected,1.0,0.1682365340180695,0.1682365340180695,0.1952633025823161,11.346176198706,0.9469954469654001,0.020858397789114004,0.09786586683870017
cohort_2,16,central_c0.8,ompl_uniform,1.0,0.1864314081845805,0.1864314081845805,0.1879205309553072,12.3754226856,2.4875103257880005,0.03889329620172,0.12160941027362426
cohort_2,17,central_c0.8,cartesian_ik,1.0,0.2076680607860908,0.2076680607860908,0.23927217698656023,12.542595501357999,1.0378806135579999,0.015209220162788,0.06857772239372335
cohort_2,17,central_c0.8,joint_projected,1.0,0.19941678277682512,0.19941678277682512,0.2311926715541631,8.793654061794,1.0861295770638002,0.012659976194672,0.06882575936306426
cohort_2,17,central_c0.8,ompl_uniform,1.0,0.23384263282641768,0.23384263282641768,0.23540601201821118,17.075491345419998,2.9378481047500005,0.017804112353456,0.06719797106104089
cohort_2,18,central_c0.8,cartesian_ik,1.0,0.15315103724133222,0.15315103724133222,0.18028464685194195,10.32920738206,0.9309035950898,0.00668686170783,0.09957150856322956
cohort_2,18,central_c0.8,joint_projected,1.0,0.12971050457563252,0.12971050457563252,0.15708783105947077,8.359928311074,1.0532631991316,0.004581385305094,0.07493891302608598
cohort_2,18,central_c0.8,ompl_uniform,1.0,0.15601673985365777,0.15601673985365777,0.15720917221624403,11.980275956064002,1.905995067736,0.00638112625654,0.10254196392480301
cohort_2,19,central_c0.8,cartesian_ik,1.0,0.1280392314074561,0.1280392314074561,0.1515549351926893,11.52297884655,0.8902342806820001,0.010380135821469601,0.07235901598491279
cohort_2,19,central_c0.8,joint_projected,1.0,0.2444809997919947,0.2444809997919947,0.2681780315935612,13.581000332440002,1.0410737717578,0.014860325863439999,0.0781877233151457
cohort_2,19,central_c0.8,ompl_uniform,1.0,0.11589003924746066,0.11589003924746066,0.11745743637438863,13.18553855366,2.25774045566,0.014290548409703998,0.07907894068062134
cohort_2,20,offset_c0.2,cartesian_ik,1.0,0.09511525160633028,0.09511525160633028,0.12214824599213898,11.024359963056002,0.937910979928,0.003512395178001,0.06704777791869623
cohort_2,20,offset_c0.2,joint_projected,1.0,0.11691551839467137,0.11691551839467137,0.14401561559643597,8.756220322317999,0.7291366191269999,0.0030679616086799998,0.06704777791869623
cohort_2,20,offset_c0.2,ompl_uniform,1.0,0.11563176701311022,0.11563176701311022,0.11743913076352328,13.244542194439997,2.036543165924,0.0041388737635240005,0.06628272322323382
cohort_2,21,offset_c0.2,cartesian_ik,1.0,0.12291173439007252,0.12291173439007252,0.149291633348912,12.7003077684,1.0705367934727998,0.040259146473386,0.12309627609740245
cohort_2,21,offset_c0.2,joint_projected,1.0,0.12351668579503894,0.12351668579503894,0.1515462114941329,8.543916985516,0.8336408456359999,0.030976370754244798,0.11875363448112561
cohort_2,21,offset_c0.2,ompl_uniform,1.0,0.11390782000962645,0.11390782000962645,0.11554698757827282,11.944786564275999,1.8866159312408002,0.033092147171179996,0.11284054958179386
cohort_2,22,offset_c0.2,cartesian_ik,1.0,0.10014978719409555,0.10014978719409555,0.12329140657093376,9.958952935732,0.8459346681515999,0.008126995160879603,0.07654079073241449
cohort_2,22,offset_c0.2,joint_projected,1.0,0.1310614693677053,0.1310614693677053,0.15443672155961394,10.50647868288,0.7655505833198,0.016870750858122802,0.07697192920900331
cohort_2,22,offset_c0.2,ompl_uniform,1.0,0.14975873020011932,0.14975873020011932,0.1512574190273881,13.14332577742,2.783663242866,0.02740420525632,0.09216196812899569
cohort_2,23,offset_c0.2,cartesian_ik,1.0,0.18668885801453144,0.18668885801453144,0.20937085433397443,12.766365499897999,0.894105455475,0.012015958859622002,0.05840028026776798
cohort_2,23,offset_c0.2,joint_projected,1.0,0.1919458230258897,0.1919458230258897,0.21466264114715158,11.504267703270001,0.7153911101468001,0.0104107847216338,0.05840028026776798
cohort_2,23,offset_c0.2,ompl_uniform,1.0,0.19591784980148078,0.19591784980148078,0.1977118942188099,16.418120318739998,2.768486017668,0.015877638225910002,0.05709400768113325
cohort_2,24,offset_c0.2,cartesian_ik,1.0,0.180232557002455,0.180232557002455,0.20256084443535655,14.40264321038,1.093966673103,0.036502295562062005,0.14075926268716402
cohort_2,24,offset_c0.2,joint_projected,1.0,0.14789820418227465,0.14789820418227465,0.17071632537990808,9.551637339996,0.8443312321462001,0.018370256624656002,0.10110284597483266
cohort_2,24,offset_c0.2,ompl_uniform,1.0,0.1763397685950622,0.1763397685950622,0.17787713799625635,13.114551511299998,2.412229856228,0.03914653761023999,0.14017626169507766
cohort_2,25,offset_c0.2,cartesian_ik,1.0,0.11775235219392925,0.11775235219392925,0.1457727069268003,9.060377540258001,0.858079579554,0.017933889695716,0.105055901594356
cohort_2,25,offset_c0.2,joint_projected,1.0,0.13258040661457926,0.13258040661457926,0.16030755117535592,9.50927026587,0.7330456230966,0.0100773304950484,0.0901290767349315
cohort_2,25,offset_c0.2,ompl_uniform,1.0,0.14279224940109997,0.14279224940109997,0.14457812081091106,12.070175739768,1.7194840673000003,0.016872930571202004,0.09483724690117727
cohort_2,26,offset_c0.2,cartesian_ik,1.0,0.16892892676405608,0.16892892676405608,0.19377759026829153,13.37215646496,1.0879561194016,0.018264320217938,0.09756180056266646
cohort_2,26,offset_c0.2,joint_projected,1.0,0.14498321020510047,0.14498321020510047,0.17186057565268129,11.58224074562,0.8633219921446,0.01880238177834,0.09177893019261382
cohort_2,26,offset_c0.2,ompl_uniform,1.0,0.1318044267827645,0.1318044267827645,0.13328961981460452,13.53389362194,2.137096313352,0.022548173188759995,0.09519951061494358
cohort_2,27,offset_c0.2,cartesian_ik,1.0,0.0932380213867873,0.0932380213867873,0.11679386340547353,7.219004553516001,0.5857396190534001,0.036993173744112005,0.094605931912522
cohort_2,27,offset_c0.2,joint_projected,1.0,0.1271647373912856,0.1271647373912856,0.1510511556873098,12.104691590727999,0.908729456959,0.017863618751194,0.09368310051779154
cohort_2,27,offset_c0.2,ompl_uniform,1.0,0.1364179780241102,0.1364179780241102,0.1379585996037349,13.28435585148,1.9797729280599998,0.027196028553433997,0.09432273743603341
cohort_2,28,offset_c0.2,cartesian_ik,1.0,0.1450465342029929,0.1450465342029929,0.17768618783447893,10.259118792261999,0.831234166626,0.01480118934826,0.07556671256664574
cohort_2,28,offset_c0.2,joint_projected,1.0,0.1409070179797709,0.1409070179797709,0.17367278321180493,10.212616627208,0.6213702848466,0.015010253446504002,0.07439778511666846
cohort_2,28,offset_c0.2,ompl_uniform,1.0,0.15353933142032475,0.15353933142032475,0.15514271897263826,13.85233370432,1.6280602758068,0.0205532774514,0.07560167568651496
cohort_2,29,offset_c0.2,cartesian_ik,1.0,0.15198522661812602,0.15198522661812602,0.17671923690941185,11.224245989896,1.0846446194338,0.026196087952020004,0.12434135988593906
cohort_2,29,offset_c0.2,joint_projected,1.0,0.11810792081523687,0.11810792081523687,0.14273839090019463,9.163002607475999,0.9284709100018,0.019698123432188,0.11265224694054059
cohort_2,29,offset_c0.2,ompl_uniform,1.0,0.12087140821386129,0.12087140821386129,0.12243236938957125,12.978800185299999,2.9358402749040002,0.01465984957498,0.08941812088474217
cohort_2,30,offset_c0.8,cartesian_ik,1.0,0.19152606164570898,0.19152606164570898,0.21449279864318668,11.78515945849,0.7057160256289999,0.0059572276850632004,0.07648445213161077
cohort_2,30,offset_c0.8,joint_projected,1.0,0.1244639566168189,0.1244639566168189,0.14764625583775343,9.56954080681,0.7705505262848,0.009761895874848001,0.08172154161617766
cohort_2,30,offset_c0.8,ompl_uniform,1.0,0.17628635975997894,0.17628635975997894,0.17758501239586622,13.555534017760001,1.9185557248764002,0.009458727647331999,0.07627942285861748
cohort_2,31,offset_c0.8,cartesian_ik,1.0,0.19994368336629123,0.19994368336629123,0.22313882291782647,14.348085132719998,0.8769969212166,0.0021758323352656,0.037708249374423485
cohort_2,31,offset_c0.8,joint_projected,1.0,0.24171377941966057,0.24171377941966057,0.26506420532241465,12.978990775757998,0.9335147184566001,0.00263579656461,0.037708249374423485
cohort_2,31,offset_c0.8,ompl_uniform,1.0,0.13565723921637982,0.13565723921637982,0.13743698941543697,13.392356349399998,2.2885160941294003,0.0023590147793820003,0.037708249374423485
cohort_2,32,offset_c0.8,cartesian_ik,1.0,0.2664096178254113,0.2664096178254113,0.2928014636505395,15.84901629562,1.491766217688,0.00050553669629,0.08545055356276773
cohort_2,32,offset_c0.8,joint_projected,0.8,1.6520309117855505,1.069922399171628,1.0959254348650576,13.928629435,1.08059122888325,0.0005192798992625,0.08011215133519828
cohort_2,32,offset_c0.8,ompl_uniform,1.0,0.2762540844734758,0.2762540844734758,0.2779538662172854,20.27608320864,3.29076837164,0.000677592150121,0.12027411603766378
cohort_2,33,offset_c0.8,cartesian_ik,1.0,0.14780784756876528,0.14780784756876528,0.17768310157116501,10.64916832565,0.8163481038837999,0.0010060106505098,0.11993995856727721
cohort_2,33,offset_c0.8,joint_projected,1.0,0.16644370863214136,0.16644370863214136,0.19638504055328668,10.990392447291999,0.8984753435591999,0.0007563589043972,0.11272494075973942
cohort_2,33,offset_c0.8,ompl_uniform,1.0,0.14256596197374166,0.14256596197374166,0.1441411835839972,14.139517748186,1.7295084561616,0.0009494869175973999,0.12208004705457767
cohort_2,34,offset_c0.8,cartesian_ik,1.0,0.1474610760109499,0.1474610760109499,0.17074082714971156,10.111066308964,0.8300489091214001,0.036113066663656004,0.11311777286943839
cohort_2,34,offset_c0.8,joint_projected,1.0,0.10970705659128725,0.10970705659128725,0.13303458935115486,6.648892220964001,0.6962015292361999,0.032227246517264,0.1276097369100741
cohort_2,34,offset_c0.8,ompl_uniform,1.0,0.15223049358464777,0.15223049358464777,0.15332310202065855,13.10149938684,3.023287338332,0.0462940783448,0.13498192364231873
cohort_2,35,offset_c0.8,cartesian_ik,1.0,0.1517773851985112,0.1517773851985112,0.17481112184468656,11.550421140938003,0.8160716354177999,0.0207177466672,0.11393770241112906
cohort_2,35,offset_c0.8,joint_projected,1.0,0.1563159086043015,0.1563159086043015,0.17958998340182006,9.813865650518,0.7770713945108001,0.020616589387283998,0.11393770241112906
cohort_2,35,offset_c0.8,ompl_uniform,1.0,0.15882164323702455,0.15882164323702455,0.160237693390809,12.190541668132003,1.6524008401344,0.021116388301259996,0.11393770241112906
cohort_2,36,offset_c0.8,cartesian_ik,1.0,0.17466980838216842,0.17466980838216842,0.19866733057424427,12.096757664102,0.7721132190258,0.01825972089752,0.09067849145527633
cohort_2,36,offset_c0.8,joint_projected,1.0,0.2928686508210376,0.2928686508210376,0.3166310759726912,9.478690470458,0.8238845819626001,0.011601818369976001,0.09027588784806659
cohort_2,36,offset_c0.8,ompl_uniform,1.0,0.15300913641694933,0.15300913641694933,0.15470577022060752,15.463689524200001,2.86718264398,0.01560094440987,0.09630736503427892
cohort_2,37,offset_c0.8,cartesian_ik,1.0,0.1343774358276278,0.1343774358276278,0.1569733133306727,9.527417254738001,0.6805464428807999,0.009030390803144,0.10089926963947456
cohort_2,37,offset_c0.8,joint_projected,1.0,0.13546051403973253,0.13546051403973253,0.15800101167988032,10.132888122309998,0.7555335046062,0.011790936477742,0.10342206033136059
cohort_2,37,offset_c0.8,ompl_uniform,1.0,0.16148053577635438,0.16148053577635438,0.1630466609960422,13.492218595779999,2.271503217238,0.008676687958420002,0.09711925742198411
cohort_2,38,offset_c0.8,cartesian_ik,1.0,0.12625531004741788,0.12625531004741788,0.14936058258172125,10.838994960638,0.8220877861192,0.012625382132554,0.08657899344252598
cohort_2,38,offset_c0.8,joint_projected,1.0,0.10225146159064025,0.10225146159064025,0.12511972859501838,8.888288969276,0.8056069402339998,0.01523823583666,0.086287328107439
cohort_2,38,offset_c0.8,ompl_uniform,1.0,0.17992553254589438,0.17992553254589438,0.18147484918590634,14.48957504707,1.9646760699172,0.012896471280146,0.08632652543908374
cohort_2,39,offset_c0.8,cartesian_ik,1.0,0.14472790581639855,0.14472790581639855,0.16788201134186237,11.133621232275999,1.0557487575788,0.033417014230424,0.12408634374025802
cohort_2,39,offset_c0.8,joint_projected,1.0,0.14766733979340643,0.14766733979340643,0.17061572757083923,11.081873209344,0.8221848065608001,0.03443770753992,0.10413757001222423
cohort_2,39,offset_c0.8,ompl_uniform,1.0,0.1749820298049599,0.1749820298049599,0.17626776497345417,14.17479008898,2.73104612705,0.033005838437474,0.13531948354911089
cohort_2,40,distant_c0.2,cartesian_ik,1.0,0.1224149513989687,0.1224149513989687,0.15548307618591933,10.421418743776,0.9050267842591999,0.057843239460960004,0.1560471739439594
cohort_2,40,distant_c0.2,joint_projected,1.0,0.1065572491614148,0.1065572491614148,0.13978595416992903,6.70807035007,0.481312333233,0.03868380659694,0.14083225559374957
cohort_2,40,distant_c0.2,ompl_uniform,1.0,0.12907466762699188,0.12907466762699188,0.13267431277781724,13.258288942180002,2.2410418115604,0.08563877055604,0.17740315420663783
cohort_2,41,distant_c0.2,cartesian_ik,1.0,0.12765942940022795,0.12765942940022795,0.15522315220441668,10.714975829944,0.8616186796879999,0.05362563069374,0.14186482399219233
cohort_2,41,distant_c0.2,joint_projected,1.0,0.11095536218490451,0.11095536218490451,0.13866011656355112,7.861268444165999,0.5347900749758,0.030191687479242595,0.13570718908296558
cohort_2,41,distant_c0.2,ompl_uniform,1.0,0.15701356020290405,0.15701356020290405,0.15846591601148247,13.3695839062,2.0281532740637997,0.04536500159152,0.11940512968748078
cohort_2,42,distant_c0.2,cartesian_ik,1.0,0.12422567319590598,0.12422567319590598,0.1609804298263043,8.634511311232,0.6577579673006,0.015898847240970803,0.08825525498785844
cohort_2,42,distant_c0.2,joint_projected,1.0,0.10964899840764701,0.10964899840764701,0.14653905904851855,9.494692919410001,0.7924234429064,0.014968630050398002,0.08403238853207909
cohort_2,42,distant_c0.2,ompl_uniform,1.0,0.11816969881765545,0.11816969881765545,0.11963182496838272,13.792125141100001,2.588411723544,0.0179422825225,0.086414074589267
cohort_2,43,distant_c0.2,cartesian_ik,1.0,0.11037202361039818,0.11037202361039818,0.1516607425874099,10.635646703642,0.713111682916,0.025657804862440004,0.10753832398401808
cohort_2,43,distant_c0.2,joint_projected,1.0,0.10609728342387825,0.10609728342387825,0.14744812038261443,6.309038623098,0.5312593651124,0.027957978348440004,0.12113264286450158
cohort_2,43,distant_c0.2,ompl_uniform,1.0,0.12218472941312938,0.12218472941312938,0.12357667402829975,14.03998958656,2.054266739346,0.0282120703805,0.1277680272137035
cohort_2,44,distant_c0.2,cartesian_ik,1.0,0.12261867800261825,0.12261867800261825,0.15434873681515454,9.409274414848,0.8780657435634,0.051889387483960006,0.14666212684152002
cohort_2,44,distant_c0.2,joint_projected,1.0,0.12166445618495345,0.12166445618495345,0.15363344019278885,7.461420733956001,0.448817716399,0.054213134182379996,0.14398541636153933
cohort_2,44,distant_c0.2,ompl_uniform,1.0,0.14879303160123528,0.14879303160123528,0.1502987049985677,13.50300833494,1.9798509384318002,0.0498426199410852,0.15002830554197397
cohort_2,45,distant_c0.2,cartesian_ik,1.0,0.09157816879451275,0.09157816879451275,0.11924897700082511,9.215573122766,0.5946741844084,0.04129775587186,0.1405536088829876
cohort_2,45,distant_c0.2,joint_projected,1.0,0.09975022678263486,0.09975022678263486,0.12715562961529941,5.5159197813,0.48759824639180005,0.036437430277619996,0.13970707617419872
cohort_2,45,distant_c0.2,ompl_uniform,1.0,0.11542559701483697,0.11542559701483697,0.11712213640566915,13.074319345200001,2.2365222259068,0.021609187867020003,0.1125513070636734
cohort_2,46,distant_c0.2,cartesian_ik,1.0,0.12486318298615515,0.12486318298615515,0.15196176939643918,9.200858803646,0.6708842934856001,0.04640902424163999,0.14712635801588964
cohort_2,46,distant_c0.2,joint_projected,1.0,0.15588964340277017,0.15588964340277017,0.1828392237657681,9.301176652454,0.5008756377978,0.05592302721787999,0.14775695637459402
cohort_2,46,distant_c0.2,ompl_uniform,1.0,0.14643715999554843,0.14643715999554843,0.14805587662849576,13.372528115720002,2.2656550138219997,0.0471424284164,0.12892244719722962
cohort_2,47,distant_c0.2,cartesian_ik,1.0,0.13254282400012016,0.13254282400012016,0.15700247313361615,11.342885448835998,0.6993125113922,0.029704595565824,0.117523393310592
cohort_2,47,distant_c0.2,joint_projected,1.0,0.10541024955455214,0.10541024955455214,0.12975393468514085,5.790688820258,0.5880049888397999,0.023353980391414002,0.1253253270780053
cohort_2,47,distant_c0.2,ompl_uniform,1.0,0.14123506601899863,0.14123506601899863,0.14283490681555122,12.982223565359998,2.449546750078,0.05764953763231999,0.1305580820466995
cohort_2,48,distant_c0.2,cartesian_ik,1.0,0.1509918815921992,0.1509918815921992,0.17465167297050357,9.81066446305,0.7032521088164,0.014592299434880001,0.17702810918477355
cohort_2,48,distant_c0.2,joint_projected,1.0,0.08734096495900304,0.08734096495900304,0.11070158197544515,3.828561281132,0.4543611449269999,0.01725062664852,0.15351580378584576
cohort_2,48,distant_c0.2,ompl_uniform,1.0,0.16113215601071715,0.16113215601071715,0.1628882760182023,14.09123630358,2.3306695255078003,0.0182171862866,0.18271647467126434
cohort_2,49,distant_c0.2,cartesian_ik,1.0,0.09817044741939754,0.09817044741939754,0.13482383601367473,8.518386455578,0.7206379612946,0.045727450127799996,0.14743629457163973
cohort_2,49,distant_c0.2,joint_projected,1.0,0.11089881819207222,0.11089881819207222,0.14763657541479916,6.418325186474,0.4563875293572,0.04467504868228,0.1492429754159191
cohort_2,49,distant_c0.2,ompl_uniform,1.0,0.14057214620988817,0.14057214620988817,0.14198912440333517,12.78665037064,2.905479455802,0.08398741392364001,0.15650472614249117
cohort_2,50,distant_c0.8,cartesian_ik,1.0,0.09066204936243594,0.09066204936243594,0.12042438806965947,7.82849985548,0.7319619492196,0.05469928819686,0.17467979800945083
cohort_2,50,distant_c0.8,joint_projected,1.0,0.07710875859484076,0.07710875859484076,0.10698277086485178,6.516658492806,0.7139307623706,0.060888642478959996,0.18638391294826864
cohort_2,50,distant_c0.8,ompl_uniform,1.0,0.13980219140648842,0.13980219140648842,0.14110722558107228,11.561669404541998,1.5782885112793998,0.062995170312,0.20959272720029148
cohort_2,51,distant_c0.8,cartesian_ik,1.0,0.13511595698073506,0.13511595698073506,0.1628853434929624,11.338516310222001,0.8058696375968,0.0010797423935942,0.051852458425087775
cohort_2,51,distant_c0.8,joint_projected,1.0,0.11354000519495458,0.11354000519495458,0.1410630646860227,6.0848585499359995,0.6360714224039999,0.0012093092209623998,0.051452357357066034
cohort_2,51,distant_c0.8,ompl_uniform,1.0,0.14720699100289494,0.14720699100289494,0.14896823498420417,14.15446782586,2.572516917558,0.0009806323943136,0.051476131575525705
cohort_2,52,distant_c0.8,cartesian_ik,1.0,0.14831192255951464,0.14831192255951464,0.17341309981420636,11.183745543202,1.0051849888982,0.05214831891932601,0.14839261480299068
cohort_2,52,distant_c0.8,joint_projected,1.0,0.16234059801790862,0.16234059801790862,0.1874230396002531,8.000240564824,0.7580720724716,0.06366778481628001,0.1622205495763717
cohort_2,52,distant_c0.8,ompl_uniform,1.0,0.15991742238402368,0.15991742238402368,0.16148479524999856,12.571604000099999,1.3581750251968001,0.0379322621317,0.1364273128188179
cohort_2,53,distant_c0.8,cartesian_ik,1.0,0.10665453718975186,0.10665453718975186,0.1327859240351245,8.44298513086,0.712829354365,0.023222935117176,0.0759657379505837
cohort_2,53,distant_c0.8,joint_projected,1.0,0.23113285542931408,0.23113285542931408,0.25741220586933194,8.076529201344,0.7275931146262,0.023225306836846,0.07744805424439463
cohort_2,53,distant_c0.8,ompl_uniform,1.0,0.1637502001831308,0.1637502001831308,0.16524837717879565,13.605086249420001,2.091027556042,0.02413363082194,0.06785907833582469
cohort_2,54,distant_c0.8,cartesian_ik,1.0,0.1587301605846733,0.1587301605846733,0.18483817125670612,9.955307400774,0.720938086972,0.0127171883836,0.11182730885103229
cohort_2,54,distant_c0.8,joint_projected,1.0,0.13598994037602097,0.13598994037602097,0.16255264803767205,10.067418127698,0.8346228707876001,0.011857279056875999,0.10267487344968948
cohort_2,54,distant_c0.8,ompl_uniform,1.0,0.16482772997114808,0.16482772997114808,0.16630520899780094,13.07192833462,2.10068044595,0.011182712692178,0.10362130397819846
cohort_2,55,distant_c0.8,cartesian_ik,1.0,0.10848924857564271,0.10848924857564271,0.13202070344705136,8.887286430682,0.806231105245,0.05724729808572,0.15292454822754575
cohort_2,55,distant_c0.8,joint_projected,1.0,0.17514850259758533,0.17514850259758533,0.19878381281159818,8.426541944848001,0.9372457572288001,0.06998658884708,0.1614789448068364
cohort_2,55,distant_c0.8,ompl_uniform,1.0,0.15623763636685908,0.15623763636685908,0.1578587134135887,14.05944879272,2.1650098001356,0.060833400698899996,0.1522721126881979
cohort_2,56,distant_c0.8,cartesian_ik,1.0,0.09212627341039478,0.09212627341039478,0.11607680539600551,8.815889611272,0.6999807671556,0.010969621247008,0.1345266767876119
cohort_2,56,distant_c0.8,joint_projected,1.0,0.11556010639760643,0.11556010639760643,0.1390418281778693,7.762989476788,0.5247997481269999,0.011341629997939999,0.1389005033678689
cohort_2,56,distant_c0.8,ompl_uniform,1.0,0.15686342052649707,0.15686342052649707,0.1585975540103391,13.03160640602,1.8436827884057998,0.01128906024224,0.13968120728797334
cohort_2,57,distant_c0.8,cartesian_ik,1.0,0.21258786104153843,0.21258786104153843,0.236195271438919,11.862469981699999,0.7261259678694001,0.069601821839,0.17081840223059666
cohort_2,57,distant_c0.8,joint_projected,1.0,0.11475089960731566,0.11475089960731566,0.13851250484585761,5.407548129582,0.4440604520918,0.06041911004614,0.16556170352868288
cohort_2,57,distant_c0.8,ompl_uniform,1.0,0.1908751501934603,0.1908751501934603,0.19216576821636408,12.552010298019999,1.4159937010338002,0.09166096092071999,0.18926626305994515
cohort_2,58,distant_c0.8,cartesian_ik,1.0,0.11713614501059055,0.11713614501059055,0.1450291382614523,9.553025440406,0.7705251590704,0.042618516765782,0.14451280108335282
cohort_2,58,distant_c0.8,joint_projected,1.0,0.09841001401655376,0.09841001401655376,0.12622644202783703,8.253979456592,0.7606591224096,0.08286621229437999,0.14712387826058598
cohort_2,58,distant_c0.8,ompl_uniform,1.0,0.11962710255756974,0.11962710255756974,0.12111204697284847,12.51946103458,1.4230037867926,0.0427813156174576,0.14313023341175146
cohort_2,59,distant_c0.8,cartesian_ik,1.0,0.12458709240891039,0.12458709240891039,0.1790822230046615,9.561470996292,0.7390051880898001,0.054548877349720006,0.16169717840744377
cohort_2,59,distant_c0.8,joint_projected,1.0,0.3222068612463772,0.3222068612463772,0.3764324861811474,3.711121400042,0.47506146504919994,0.028526299980520003,0.13435671528162635
cohort_2,59,distant_c0.8,ompl_uniform,1.0,0.16641567614860833,0.16641567614860833,0.1680712252156809,13.401457722839998,2.1510381787676005,0.053376323136046,0.15350005694247262
