first,second,metric,mean,environments,p,matched_requests,success_only,holm_p,ci_low,ci_high
cartesian_ik,joint_projected,success,0.0033333333333333335,120,0.375,900,False,1.0,-0.0008333333333333334,0.008333333333333335
cartesian_ik,joint_projected,par2_s,-0.02256873695170119,120,0.2012479875201248,900,False,1.0,-0.056558196619521675,0.005506204323952258
cartesian_ik,joint_projected,action_wall_s,-0.00796019039048891,120,0.3849261507384926,900,False,1.0,-0.024332725205931643,0.004690154066408771
cartesian_ik,joint_projected,end_to_end_wall_s,-0.008046201657076988,120,0.3774962250377496,900,False,1.0,-0.02448039988115488,0.004386034505119218
cartesian_ik,joint_projected,audit.joint_path_length,1.1937579731610393,120,9.99990000099999e-06,896,True,0.00023999760002399976,0.8260764425468721,1.5626914028850305
cartesian_ik,joint_projected,audit.ee_path_length_m,0.06432256033304282,120,2.999970000299997e-05,896,True,0.0005099949000509995,0.038910581622492765,0.09006074908408176
cartesian_ik,joint_projected,audit.min_world_clearance_m,0.00155793355623452,120,0.04562954370456295,896,True,0.41066589334106657,9.262448773563271e-05,0.003002663949045419
cartesian_ik,joint_projected,curve.min_clearance_m,0.0024724724607170776,120,0.005169948300516995,896,True,0.06203937960620394,0.0008213518787096172,0.004130435770409799
cartesian_ik,ompl_uniform,success,-0.0008333333333333334,120,1.0,900,False,1.0,-0.0025000000000000005,0.0
cartesian_ik,ompl_uniform,par2_s,-0.01145439453840178,120,0.017609823901760982,900,False,0.19370806291937082,-0.020402670547487404,0.0008583411530465395
cartesian_ik,ompl_uniform,action_wall_s,-0.016307565881676662,120,9.99990000099999e-06,900,False,0.00023999760002399976,-0.02143780139072381,-0.011270972796815236
cartesian_ik,ompl_uniform,end_to_end_wall_s,0.010921494919457474,120,0.00027999720002799973,900,False,0.003919960800391996,0.005675618646305036,0.01604245075485958
cartesian_ik,ompl_uniform,audit.joint_path_length,-2.97157107807749,120,9.99990000099999e-06,899,True,0.00023999760002399976,-3.2785211341315956,-2.669318410771379
cartesian_ik,ompl_uniform,audit.ee_path_length_m,-1.3639589099217269,120,9.99990000099999e-06,899,True,0.00023999760002399976,-1.429202092381109,-1.2982425934348847
cartesian_ik,ompl_uniform,audit.min_world_clearance_m,-0.003830696084055512,120,2.999970000299997e-05,899,True,0.0005099949000509995,-0.005679864674501413,-0.002077840283099347
cartesian_ik,ompl_uniform,curve.min_clearance_m,-0.002834044237707738,120,0.025199748002519975,899,True,0.2519974800251997,-0.005155849043963905,-0.0005481126266106091
joint_projected,ompl_uniform,success,-0.004166666666666667,120,0.25,900,False,1.0,-0.009166666666666667,0.0
joint_projected,ompl_uniform,par2_s,0.011114342413299404,120,0.5157448425515745,900,False,1.0,-0.015094907336824689,0.04451865766568518
joint_projected,ompl_uniform,action_wall_s,-0.008347375491187754,120,0.35094649053509464,900,False,1.0,-0.02068676947741187,0.00794891747991883
joint_projected,ompl_uniform,end_to_end_wall_s,0.01896769657653446,120,0.003009969900300997,900,False,0.03912960870391296,0.006316987190191868,0.03543427832377104
joint_projected,ompl_uniform,audit.joint_path_length,-4.177210776627487,120,9.99990000099999e-06,897,True,0.00023999760002399976,-4.48504088154304,-3.865697851835808
joint_projected,ompl_uniform,audit.ee_path_length_m,-1.429695654507055,120,9.99990000099999e-06,897,True,0.00023999760002399976,-1.4972911322905436,-1.3642226545327851
joint_projected,ompl_uniform,audit.min_world_clearance_m,-0.005335701574399215,120,9.99990000099999e-06,897,True,0.00023999760002399976,-0.0075990611513430005,-0.0032615680609866544
joint_projected,ompl_uniform,curve.min_clearance_m,-0.005234065482932687,120,0.00016999830001699983,897,True,0.0025499745002549976,-0.007781608233436245,-0.002750116957134712
